case,phase,replicate,method,structure_seed,sample_seed,cin_fit_seed,comparator_fit_seed,stability_seed,n,p,status,charter_sha256,error_type,error,elapsed_seconds,peak_rss_mb,ap,prevalence,ap_minus_prevalence,n_pairs_complete,n_pairs_total,n_failed_pairs,n_true_edges,n_strong_edges,strong_edge_set_available,n_nonempty_delta_views,n_nonempty_agreement_views,strong_edge_recall,oracle_cmi_mae,oracle_cmi_bias,oracle_cmi_mae_true,oracle_cmi_bias_true,oracle_cmi_mae_all,oracle_cmi_bias_all,categorical_excess_loss,positive_weight_q50,positive_weight_q90,positive_weight_q95,positive_weight_q99,positive_weight_max,tie_fraction,orientation_gap_q50,orientation_gap_q90,orientation_gap_q95,orientation_gap_q99,orientation_gap_max,variance_floor_hits,variance_floor_observations,variance_floor_hit_rate,probability_clipped_fraction,zero_sum_fallbacks,minimum_probability,delta_0_displayed_count,delta_0_displayed_fraction,delta_0_precision,delta_0_recall,delta_0_empty,delta_005_displayed_count,delta_005_displayed_fraction,delta_005_precision,delta_005_recall,delta_005_empty,delta_01_displayed_count,delta_01_displayed_fraction,delta_01_precision,delta_01_recall,delta_01_empty,delta_02_displayed_count,delta_02_displayed_fraction,delta_02_precision,delta_02_recall,delta_02_empty,agreement_delta_0_displayed_count,agreement_delta_0_displayed_fraction,agreement_delta_0_precision,agreement_delta_0_recall,agreement_delta_0_empty,agreement_delta_005_displayed_count,agreement_delta_005_displayed_fraction,agreement_delta_005_precision,agreement_delta_005_recall,agreement_delta_005_empty,agreement_delta_01_displayed_count,agreement_delta_01_displayed_fraction,agreement_delta_01_precision,agreement_delta_01_recall,agreement_delta_01_empty,agreement_delta_02_displayed_count,agreement_delta_02_displayed_fraction,agreement_delta_02_precision,agreement_delta_02_recall,agreement_delta_02_empty,pair_sidecar_file,stability_sidecar_file
A,development,0,cin,807676388,2542142012,3322038543,3693046557,3945893582,100,8,complete,0e846c6445ff4eac87c49db336ba714c86faa12facf8794080155c784c970d7c,,,0.3829234569998334,159.78125,0.8505291005291007,0.3214285714285714,0.5291005291005293,28,28,0,9,9.0,True,4,4,0.7777777777777778,0.0371134434100547,-0.0370247555214936,0.0371134434100547,-0.0370247555214936,0.0152635098773533,-0.0147682849400418,,0.0049475701264245,0.033867431564793,0.0421379574379326,0.0544194483332546,0.0574898210570851,0.0,0.0033336694687115,0.0200747372699284,0.0225910946438125,0.062366786941314,0.0767645089230935,0.0,8.0,0.0,,0.0,,14,0.5,0.5,0.7777777777777778,False,7,0.25,1.0,0.7777777777777778,False,6,0.2142857142857142,1.0,0.6666666666666666,False,5,0.1785714285714285,1.0,0.5555555555555556,False,10,0.3571428571428571,0.7,0.7777777777777778,False,7,0.25,1.0,0.7777777777777778,False,6,0.2142857142857142,1.0,0.6666666666666666,False,5,0.1785714285714285,1.0,0.5555555555555556,False,A_development_0_cin_pairs.csv.gz,
A,development,0,cin_linear,807676388,2542142012,3322038543,3693046557,3945893582,100,8,complete,0e846c6445ff4eac87c49db336ba714c86faa12facf8794080155c784c970d7c,,,0.2694284870003685,160.19140625,0.8598484848484851,0.3214285714285714,0.5384199134199137,28,28,0,9,9.0,True,4,4,0.7777777777777778,0.0311379886567191,-0.0306609492479015,0.0311379886567191,-0.0306609492479015,0.0133186443509181,-0.012009059223036,,0.0094098181944897,0.0354522299452199,0.047303671691134,0.0646840225574008,0.0690291102739676,0.0,0.0028590250836988,0.01545499685193,0.0198345452714607,0.0240924605602626,0.0252712913967697,,,,,,,14,0.5,0.5,0.7777777777777778,False,8,0.2857142857142857,0.875,0.7777777777777778,False,7,0.25,1.0,0.7777777777777778,False,6,0.2142857142857142,1.0,0.6666666666666666,False,12,0.4285714285714285,0.5833333333333334,0.7777777777777778,False,8,0.2857142857142857,0.875,0.7777777777777778,False,7,0.25,1.0,0.7777777777777778,False,6,0.2142857142857142,1.0,0.6666666666666666,False,A_development_0_cin_linear_pairs.csv.gz,
A,development,0,ebicglasso,807676388,2542142012,3322038543,3693046557,3945893582,100,8,complete,0e846c6445ff4eac87c49db336ba714c86faa12facf8794080155c784c970d7c,,,0.5281509850001385,161.06640625,0.9246031746031746,0.3214285714285714,0.6031746031746033,28,28,0,9,9.0,True,4,4,0.8888888888888888,0.1591944250098542,0.1508068087335542,0.1591944250098542,0.1508068087335542,0.0539679594441791,0.0512719399267969,,0.236869459826134,0.2989179908495324,0.3016678797728723,0.3038677909115443,0.3044177686962123,0.6428571428571428,0.0,0.0,0.0,0.0,0.0,,,,,,,9,0.3214285714285714,0.8888888888888888,0.8888888888888888,False,9,0.3214285714285714,0.8888888888888888,0.8888888888888888,False,9,0.3214285714285714,0.8888888888888888,0.8888888888888888,False,9,0.3214285714285714,0.8888888888888888,0.8888888888888888,False,5,0.1785714285714285,0.8,0.4444444444444444,False,5,0.1785714285714285,0.8,0.4444444444444444,False,5,0.1785714285714285,0.8,0.4444444444444444,False,5,0.1785714285714285,0.8,0.4444444444444444,False,A_development_0_ebicglasso_pairs.csv.gz,
A,development,1,cin,1229596112,93902024,1033667905,1846919718,155872668,100,8,complete,0e846c6445ff4eac87c49db336ba714c86faa12facf8794080155c784c970d7c,,,0.3356744990001061,161.06640625,0.9237043820377157,0.3214285714285714,0.6022758106091441,28,28,0,9,9.0,True,4,4,1.0,0.0396400553353791,-0.0121152753276099,0.0396400553353791,-0.0121152753276099,0.0191079734809898,-0.0069182576324196,,0.017929740944768,0.126306171270858,0.1547409215717736,0.2013641132656873,0.2130199111891658,0.0,0.0033051921993675,0.0467973363136912,0.0605590576897269,0.0679945966903266,0.0684853733516675,0.0,8.0,0.0,,0.0,,15,0.5357142857142857,0.6,1.0,False,11,0.3928571428571428,0.7272727272727273,0.8888888888888888,False,8,0.2857142857142857,0.875,0.7777777777777778,False,7,0.25,0.8571428571428571,0.6666666666666666,False,11,0.3928571428571428,0.6363636363636364,0.7777777777777778,False,10,0.3571428571428571,0.7,0.7777777777777778,False,8,0.2857142857142857,0.875,0.7777777777777778,False,7,0.25,0.8571428571428571,0.6666666666666666,False,A_development_1_cin_pairs.csv.gz,
A,development,1,cin_linear,1229596112,93902024,1033667905,1846919718,155872668,100,8,complete,0e846c6445ff4eac87c49db336ba714c86faa12facf8794080155c784c970d7c,,,0.2664963030001672,161.06640625,0.8383315839456191,0.3214285714285714,0.5169030125170477,28,28,0,9,9.0,True,4,4,0.7777777777777778,0.0521372922061418,-0.0236659000437638,0.0521372922061418,-0.0236659000437638,0.0253750836094474,-0.015191921163268,,0.0410499792707428,0.1408866591609638,0.1866932951583103,0.2233386039561876,0.2324999311556569,0.0,0.0096510113884376,0.0740234295080467,0.0857170500390701,0.1095166139402045,0.1179790890525642,,,,,,,10,0.3571428571428571,0.7,0.7777777777777778,False,8,0.2857142857142857,0.75,0.6666666666666666,False,6,0.2142857142857142,1.0,0.6666666666666666,False,5,0.1785714285714285,1.0,0.5555555555555556,False,9,0.3214285714285714,0.6666666666666666,0.6666666666666666,False,8,0.2857142857142857,0.75,0.6666666666666666,False,6,0.2142857142857142,1.0,0.6666666666666666,False,5,0.1785714285714285,1.0,0.5555555555555556,False,A_development_1_cin_linear_pairs.csv.gz,
A,development,1,ebicglasso,1229596112,93902024,1033667905,1846919718,155872668,100,8,complete,0e846c6445ff4eac87c49db336ba714c86faa12facf8794080155c784c970d7c,,,2.189835750000384,161.06640625,1.0000000000000002,0.3214285714285714,0.6785714285714288,28,28,0,9,9.0,True,4,4,1.0,0.2489716026785084,0.2489716026785084,0.2489716026785084,0.2489716026785084,0.0877901842022681,0.0877901842022681,,0.263862183424197,0.4771040575991956,0.4964611553906605,0.5069955565667168,0.5096291568607308,0.5357142857142857,0.0,0.0,0.0,0.0,0.0,,,,,,,12,0.4285714285714285,0.75,1.0,False,12,0.4285714285714285,0.75,1.0,False,11,0.3928571428571428,0.8181818181818182,1.0,False,11,0.3928571428571428,0.8181818181818182,1.0,False,6,0.2142857142857142,0.6666666666666666,0.4444444444444444,False,6,0.2142857142857142,0.6666666666666666,0.4444444444444444,False,5,0.1785714285714285,0.8,0.4444444444444444,False,5,0.1785714285714285,0.8,0.4444444444444444,False,A_development_1_ebicglasso_pairs.csv.gz,
A,development,2,cin,1186252868,2690772135,3012641772,1018742438,14885192,100,8,complete,0e846c6445ff4eac87c49db336ba714c86faa12facf8794080155c784c970d7c,,,0.3358789090002574,161.19140625,0.6919791427037805,0.3214285714285714,0.370550571275209,28,28,0,9,9.0,True,4,4,0.6666666666666666,0.0299393746414285,-0.0290051426108341,0.0299393746414285,-0.0290051426108341,0.0154276133075149,-0.0100928292336105,,0.0121455077213777,0.044285828300605,0.0517729829443174,0.0586522319468655,0.0603720441975026,0.0,0.0025740846188018,0.0096632816606301,0.0125690508438593,0.0223298296009616,0.0256252375381575,0.0,8.0,0.0,,0.0,,13,0.4642857142857143,0.4615384615384615,0.6666666666666666,False,11,0.3928571428571428,0.5454545454545454,0.6666666666666666,False,8,0.2857142857142857,0.5,0.4444444444444444,False,4,0.1428571428571428,0.75,0.3333333333333333,False,13,0.4642857142857143,0.4615384615384615,0.6666666666666666,False,11,0.3928571428571428,0.5454545454545454,0.6666666666666666,False,8,0.2857142857142857,0.5,0.4444444444444444,False,4,0.1428571428571428,0.75,0.3333333333333333,False,A_development_2_cin_pairs.csv.gz,
A,development,2,cin_linear,1186252868,2690772135,3012641772,1018742438,14885192,100,8,complete,0e846c6445ff4eac87c49db336ba714c86faa12facf8794080155c784c970d7c,,,0.2661216869996679,161.19140625,0.6677048260381593,0.3214285714285714,0.3462762546095878,28,28,0,9,9.0,True,4,4,0.6666666666666666,0.0305665342275068,-0.0301752516048018,0.0305665342275068,-0.0301752516048018,0.0159590020131193,-0.0103938192217121,,0.010834669409634,0.0422294456944282,0.049338571797789,0.0551858864406344,0.0566477151013457,0.0,0.0037051475780132,0.0105266997871491,0.0108021255388435,0.0194877107706536,0.0226459353428156,,,,,,,14,0.5,0.4285714285714285,0.6666666666666666,False,10,0.3571428571428571,0.5,0.5555555555555556,False,7,0.25,0.5714285714285714,0.4444444444444444,False,4,0.1428571428571428,0.75,0.3333333333333333,False,13,0.4642857142857143,0.4615384615384615,0.6666666666666666,False,10,0.3571428571428571,0.5,0.5555555555555556,False,7,0.25,0.5714285714285714,0.4444444444444444,False,4,0.1428571428571428,0.75,0.3333333333333333,False,A_development_2_cin_linear_pairs.csv.gz,
A,development,2,ebicglasso,1186252868,2690772135,3012641772,1018742438,14885192,100,8,complete,0e846c6445ff4eac87c49db336ba714c86faa12facf8794080155c784c970d7c,,,1.430771100000129,161.19140625,0.6296296296296297,0.3214285714285714,0.3082010582010582,28,28,0,9,9.0,True,4,4,0.5555555555555556,0.0768274388428216,0.0414479619461972,0.0768274388428216,0.0414479619461972,0.0341910467153444,0.0228190719985723,,0.16782242620445,0.2256509745489406,0.2555359487482788,0.2794439281077494,0.2854209229476171,0.7142857142857143,0.0,0.0,0.0,0.0,0.0,,,,,,,7,0.25,0.7142857142857143,0.5555555555555556,False,7,0.25,0.7142857142857143,0.5555555555555556,False,7,0.25,0.7142857142857143,0.5555555555555556,False,7,0.25,0.7142857142857143,0.5555555555555556,False,4,0.1428571428571428,0.75,0.3333333333333333,False,4,0.1428571428571428,0.75,0.3333333333333333,False,4,0.1428571428571428,0.75,0.3333333333333333,False,4,0.1428571428571428,0.75,0.3333333333333333,False,A_development_2_ebicglasso_pairs.csv.gz,
A,development,3,cin,1968995328,4149549887,3724681437,2846084650,3726986801,100,8,complete,0e846c6445ff4eac87c49db336ba714c86faa12facf8794080155c784c970d7c,,,0.333617914000115,161.19140625,0.9061325818572196,0.3214285714285714,0.5847040104286483,28,28,0,9,9.0,True,4,4,0.8888888888888888,0.0325268598261436,-0.0262499847435421,0.0325268598261436,-0.0262499847435421,0.0137908553141086,-0.0106493521700112,,0.0085788871290819,0.0553766200595299,0.0570736236249213,0.0587342763074839,0.0591494394781245,0.0,0.0036945498293582,0.0214012261193744,0.0270214845758694,0.0315503526896887,0.0328716925513701,0.0,8.0,0.0,,0.0,,13,0.4642857142857143,0.6153846153846154,0.8888888888888888,False,7,0.25,0.8571428571428571,0.6666666666666666,False,6,0.2142857142857142,1.0,0.6666666666666666,False,6,0.2142857142857142,1.0,0.6666666666666666,False,12,0.4285714285714285,0.6666666666666666,0.8888888888888888,False,7,0.25,0.8571428571428571,0.6666666666666666,False,6,0.2142857142857142,1.0,0.6666666666666666,False,6,0.2142857142857142,1.0,0.6666666666666666,False,A_development_3_cin_pairs.csv.gz,
A,development,3,cin_linear,1968995328,4149549887,3724681437,2846084650,3726986801,100,8,complete,0e846c6445ff4eac87c49db336ba714c86faa12facf8794080155c784c970d7c,,,0.2738668739998502,161.19140625,0.8854535695115406,0.3214285714285714,0.5640249980829692,28,28,0,9,9.0,True,4,4,0.8888888888888888,0.0342707465087034,-0.0244241859309021,0.0342707465087034,-0.0244241859309021,0.0147729986896056,-0.0107049137559891,,0.0237505143249388,0.064604339153662,0.0663275815371472,0.0677061754439353,0.0680508239206323,0.0,0.0040082695602717,0.0255230380988166,0.0279585926762683,0.0349777226845958,0.0371745041420572,,,,,,,11,0.3928571428571428,0.7272727272727273,0.8888888888888888,False,7,0.25,0.8571428571428571,0.6666666666666666,False,6,0.2142857142857142,1.0,0.6666666666666666,False,6,0.2142857142857142,1.0,0.6666666666666666,False,10,0.3571428571428571,0.8,0.8888888888888888,False,7,0.25,0.8571428571428571,0.6666666666666666,False,6,0.2142857142857142,1.0,0.6666666666666666,False,6,0.2142857142857142,1.0,0.6666666666666666,False,A_development_3_cin_linear_pairs.csv.gz,
A,development,3,ebicglasso,1968995328,4149549887,3724681437,2846084650,3726986801,100,8,complete,0e846c6445ff4eac87c49db336ba714c86faa12facf8794080155c784c970d7c,,,1.783587446999718,161.19140625,0.7738095238095237,0.3214285714285714,0.4523809523809523,28,28,0,9,9.0,True,4,4,0.6666666666666666,0.1445528642005384,0.1179860840152729,0.1445528642005384,0.1179860840152729,0.0515125916864799,0.0429732694840732,,0.2540681190853802,0.2810065285464846,0.2825029333477586,0.2837000571887778,0.2839993381490325,0.6785714285714286,0.0,0.0,0.0,0.0,0.0,,,,,,,8,0.2857142857142857,0.75,0.6666666666666666,False,8,0.2857142857142857,0.75,0.6666666666666666,False,8,0.2857142857142857,0.75,0.6666666666666666,False,8,0.2857142857142857,0.75,0.6666666666666666,False,4,0.1428571428571428,0.75,0.3333333333333333,False,4,0.1428571428571428,0.75,0.3333333333333333,False,4,0.1428571428571428,0.75,0.3333333333333333,False,4,0.1428571428571428,0.75,0.3333333333333333,False,A_development_3_ebicglasso_pairs.csv.gz,
A,development,4,cin,2078213283,2667389523,2583486365,1426376146,2796881734,100,8,complete,0e846c6445ff4eac87c49db336ba714c86faa12facf8794080155c784c970d7c,,,0.3364547870000933,161.19140625,0.8409977703455966,0.3214285714285714,0.5195691989170252,28,28,0,9,9.0,True,4,4,0.7777777777777778,0.0260680632403553,-0.0236998511606767,0.0260680632403553,-0.0236998511606767,0.0104620191440237,-0.0085600999511806,,0.0074456969555269,0.0465451505122135,0.0580658626545775,0.0678318649805642,0.0702733655620609,0.0,0.0046670869654111,0.0162427269122322,0.0173213585753029,0.0241082341566681,0.0265052141041554,0.0,8.0,0.0,,0.0,,13,0.4642857142857143,0.5384615384615384,0.7777777777777778,False,8,0.2857142857142857,0.875,0.7777777777777778,False,6,0.2142857142857142,1.0,0.6666666666666666,False,4,0.1428571428571428,1.0,0.4444444444444444,False,9,0.3214285714285714,0.6666666666666666,0.6666666666666666,False,7,0.25,0.8571428571428571,0.6666666666666666,False,6,0.2142857142857142,1.0,0.6666666666666666,False,4,0.1428571428571428,1.0,0.4444444444444444,False,A_development_4_cin_pairs.csv.gz,
A,development,4,cin_linear,2078213283,2667389523,2583486365,1426376146,2796881734,100,8,complete,0e846c6445ff4eac87c49db336ba714c86faa12facf8794080155c784c970d7c,,,0.2695783310000479,161.19140625,0.8606837606837607,0.3214285714285714,0.5392551892551893,28,28,0,9,9.0,True,4,4,0.7777777777777778,0.0235166190826647,-0.0213396264326799,0.0235166190826647,-0.0213396264326799,0.0096332562934154,-0.0075606958823513,,0.0113210737658685,0.054961837459672,0.0622733195870389,0.0679849664201588,0.0694128781284387,0.0,0.0027224784719184,0.0167350861465471,0.0179845281160886,0.0205040482130925,0.0212167690094292,,,,,,,12,0.4285714285714285,0.5833333333333334,0.7777777777777778,False,9,0.3214285714285714,0.7777777777777778,0.7777777777777778,False,7,0.25,1.0,0.7777777777777778,False,4,0.1428571428571428,1.0,0.4444444444444444,False,11,0.3928571428571428,0.6363636363636364,0.7777777777777778,False,9,0.3214285714285714,0.7777777777777778,0.7777777777777778,False,7,0.25,1.0,0.7777777777777778,False,4,0.1428571428571428,1.0,0.4444444444444444,False,A_development_4_cin_linear_pairs.csv.gz,
A,development,4,ebicglasso,2078213283,2667389523,2583486365,1426376146,2796881734,100,8,complete,0e846c6445ff4eac87c49db336ba714c86faa12facf8794080155c784c970d7c,,,2.3745831830001407,161.19140625,0.3214285714285714,0.3214285714285714,0.0,28,28,0,9,9.0,True,0,0,0.0,0.0461880202591177,-0.0461880202591177,0.0461880202591177,-0.0461880202591177,0.0148461493690021,-0.0148461493690021,,,,,,,0.9642857142857144,0.0,0.0,0.0,0.0,0.0,,,,,,,0,0.0,,0.0,True,0,0.0,,0.0,True,0,0.0,,0.0,True,0,0.0,,0.0,True,0,0.0,,0.0,True,0,0.0,,0.0,True,0,0.0,,0.0,True,0,0.0,,0.0,True,A_development_4_ebicglasso_pairs.csv.gz,
A,development,5,cin,576078436,3856520213,873598349,3204205644,346193871,100,8,complete,0e846c6445ff4eac87c49db336ba714c86faa12facf8794080155c784c970d7c,,,0.3340531300000293,161.19140625,0.8859649122807018,0.3214285714285714,0.5645363408521304,28,28,0,9,9.0,True,4,4,0.8888888888888888,0.0245207171175651,-0.0037877732614192,0.0245207171175651,-0.0037877732614192,0.011237922589299,-0.0011847988692488,,0.0074957362231728,0.0855916116623685,0.0978234390099438,0.113224164370001,0.1170743457100153,0.0,0.0028377190504046,0.0124382615862898,0.0237583463082458,0.0394341148165059,0.0449801658001469,0.0,8.0,0.0,,0.0,,17,0.6071428571428571,0.4705882352941176,0.8888888888888888,False,12,0.4285714285714285,0.5833333333333334,0.7777777777777778,False,7,0.25,1.0,0.7777777777777778,False,7,0.25,1.0,0.7777777777777778,False,17,0.6071428571428571,0.4705882352941176,0.8888888888888888,False,12,0.4285714285714285,0.5833333333333334,0.7777777777777778,False,7,0.25,1.0,0.7777777777777778,False,7,0.25,1.0,0.7777777777777778,False,A_development_5_cin_pairs.csv.gz,
A,development,5,cin_linear,576078436,3856520213,873598349,3204205644,346193871,100,8,complete,0e846c6445ff4eac87c49db336ba714c86faa12facf8794080155c784c970d7c,,,0.2667443420000381,161.19140625,0.8671023965141613,0.3214285714285714,0.5456738250855899,28,28,0,9,9.0,True,4,4,0.7777777777777778,0.028688910245236,0.0017108708708742,0.028688910245236,0.0017108708708742,0.0158081921442655,-0.0020598587291294,,0.0366228755635163,0.1086702776779463,0.1099881815492736,0.110687703508176,0.1108625839979016,0.0,0.003636314507104,0.0239238795184139,0.0274015091258599,0.0456516604668326,0.0523824631846447,,,,,,,12,0.4285714285714285,0.5833333333333334,0.7777777777777778,False,11,0.3928571428571428,0.6363636363636364,0.7777777777777778,False,9,0.3214285714285714,0.7777777777777778,0.7777777777777778,False,7,0.25,1.0,0.7777777777777778,False,12,0.4285714285714285,0.5833333333333334,0.7777777777777778,False,11,0.3928571428571428,0.6363636363636364,0.7777777777777778,False,9,0.3214285714285714,0.7777777777777778,0.7777777777777778,False,7,0.25,1.0,0.7777777777777778,False,A_development_5_cin_linear_pairs.csv.gz,
A,development,5,ebicglasso,576078436,3856520213,873598349,3204205644,346193871,100,8,complete,0e846c6445ff4eac87c49db336ba714c86faa12facf8794080155c784c970d7c,,,2.105491504999918,161.19140625,0.97979797979798,0.3214285714285714,0.6583694083694085,28,28,0,9,9.0,True,4,4,1.0,0.2083543273154379,0.2068967889465641,0.2083543273154379,0.2068967889465641,0.0742368437964998,0.0737683493207903,,0.1394861096866266,0.3859959587845705,0.4191273410922587,0.4624293208342359,0.4732548157697303,0.4642857142857143,0.0,0.0,0.0,0.0,0.0,,,,,,,14,0.5,0.6428571428571429,1.0,False,13,0.4642857142857143,0.6923076923076923,1.0,False,12,0.4285714285714285,0.75,1.0,False,12,0.4285714285714285,0.75,1.0,False,7,0.25,0.7142857142857143,0.5555555555555556,False,7,0.25,0.7142857142857143,0.5555555555555556,False,6,0.2142857142857142,0.8333333333333334,0.5555555555555556,False,6,0.2142857142857142,0.8333333333333334,0.5555555555555556,False,A_development_5_ebicglasso_pairs.csv.gz,
A,development,6,cin,424800480,1466467562,2813666385,2534070121,2113293974,100,8,complete,0e846c6445ff4eac87c49db336ba714c86faa12facf8794080155c784c970d7c,,,0.3351561529998434,161.19140625,0.9216200466200468,0.3214285714285714,0.6001914751914754,28,28,0,9,9.0,True,4,4,1.0,0.03905887345244,-0.022699798739988,0.03905887345244,-0.022699798739988,0.018192961428867,-0.0116801523698259,,0.0049322945940952,0.0845967673296752,0.1042830280654067,0.1105807916312506,0.1121552325227115,0.0,0.0049679332104271,0.0283317175894813,0.033944313525387,0.0721824518152731,0.0860046834920398,0.0,8.0,0.0,,0.0,,15,0.5357142857142857,0.6,1.0,False,7,0.25,0.8571428571428571,0.6666666666666666,False,5,0.1785714285714285,1.0,0.5555555555555556,False,5,0.1785714285714285,1.0,0.5555555555555556,False,14,0.5,0.5714285714285714,0.8888888888888888,False,7,0.25,0.8571428571428571,0.6666666666666666,False,5,0.1785714285714285,1.0,0.5555555555555556,False,5,0.1785714285714285,1.0,0.5555555555555556,False,A_development_6_cin_pairs.csv.gz,
A,development,6,cin_linear,424800480,1466467562,2813666385,2534070121,2113293974,100,8,complete,0e846c6445ff4eac87c49db336ba714c86faa12facf8794080155c784c970d7c,,,0.2662788860002365,161.19140625,0.71003367003367,0.3214285714285714,0.3886050986050985,28,28,0,9,9.0,True,4,4,0.5555555555555556,0.0682034097313439,-0.0330167268478274,0.0682034097313439,-0.0330167268478274,0.0404894628481039,-0.0274528288957609,,0.0094516422710342,0.1414197593603907,0.151385877178293,0.1593587714326148,0.1613519949961952,0.0,0.0190410670304151,0.0867557860740286,0.093330593793641,0.0955841136882355,0.0963012333307622,,,,,,,9,0.3214285714285714,0.5555555555555556,0.5555555555555556,False,7,0.25,0.7142857142857143,0.5555555555555556,False,4,0.1428571428571428,1.0,0.4444444444444444,False,3,0.1071428571428571,1.0,0.3333333333333333,False,7,0.25,0.7142857142857143,0.5555555555555556,False,7,0.25,0.7142857142857143,0.5555555555555556,False,4,0.1428571428571428,1.0,0.4444444444444444,False,3,0.1071428571428571,1.0,0.3333333333333333,False,A_development_6_cin_linear_pairs.csv.gz,
A,development,6,ebicglasso,424800480,1466467562,2813666385,2534070121,2113293974,100,8,complete,0e846c6445ff4eac87c49db336ba714c86faa12facf8794080155c784c970d7c,,,0.5261568500000067,161.31640625,0.9246031746031746,0.3214285714285714,0.6031746031746033,28,28,0,9,9.0,True,4,4,0.8888888888888888,0.1695013829986171,0.1593576994808306,0.1695013829986171,0.1593576994808306,0.0598683466299519,0.0566078769278062,,0.2006197499438869,0.3458719932131563,0.3617450544252761,0.3744435033949719,0.3776181156373959,0.6071428571428572,0.0,0.0,0.0,0.0,0.0,,,,,,,10,0.3571428571428571,0.8,0.8888888888888888,False,10,0.3571428571428571,0.8,0.8888888888888888,False,10,0.3571428571428571,0.8,0.8888888888888888,False,10,0.3571428571428571,0.8,0.8888888888888888,False,6,0.2142857142857142,0.8333333333333334,0.5555555555555556,False,6,0.2142857142857142,0.8333333333333334,0.5555555555555556,False,6,0.2142857142857142,0.8333333333333334,0.5555555555555556,False,6,0.2142857142857142,0.8333333333333334,0.5555555555555556,False,A_development_6_ebicglasso_pairs.csv.gz,
A,development,7,cin,3774675700,1180985878,1193422071,2527160043,2706720530,100,8,complete,0e846c6445ff4eac87c49db336ba714c86faa12facf8794080155c784c970d7c,,,0.3321953980002945,161.31640625,0.9513888888888892,0.3214285714285714,0.6299603174603177,28,28,0,9,9.0,True,4,4,1.0,0.0133677271794033,-0.0004001194950781,0.0133677271794033,-0.0004001194950781,0.0073439039914272,-0.0002445803695439,,0.0109420588669674,0.0614794236651284,0.0655869153129299,0.0680899059527343,0.0687156536126854,0.0,0.0033168759839996,0.0140668293417632,0.0180877194010947,0.0275580477174456,0.0302719276361275,0.0,8.0,0.0,,0.0,,18,0.6428571428571429,0.5,1.0,False,11,0.3928571428571428,0.7272727272727273,0.8888888888888888,False,9,0.3214285714285714,0.8888888888888888,0.8888888888888888,False,7,0.25,1.0,0.7777777777777778,False,16,0.5714285714285714,0.5,0.8888888888888888,False,11,0.3928571428571428,0.7272727272727273,0.8888888888888888,False,9,0.3214285714285714,0.8888888888888888,0.8888888888888888,False,7,0.25,1.0,0.7777777777777778,False,A_development_7_cin_pairs.csv.gz,
A,development,7,cin_linear,3774675700,1180985878,1193422071,2527160043,2706720530,100,8,complete,0e846c6445ff4eac87c49db336ba714c86faa12facf8794080155c784c970d7c,,,0.275565142999767,161.31640625,0.965811965811966,0.3214285714285714,0.6443833943833945,28,28,0,9,9.0,True,4,4,1.0,0.0153175817141382,-0.000995233610148,0.0153175817141382,-0.000995233610148,0.0087393003737191,-0.0009511397949497,,0.0102250064233389,0.0555906929689609,0.0716681753302242,0.0791644122086815,0.0810384714282958,0.0,0.004208827516284,0.0161855186051793,0.0221422314838046,0.0301433305981531,0.032649246066924,,,,,,,19,0.6785714285714286,0.4736842105263157,1.0,False,12,0.4285714285714285,0.6666666666666666,0.8888888888888888,False,10,0.3571428571428571,0.8,0.8888888888888888,False,5,0.1785714285714285,1.0,0.5555555555555556,False,16,0.5714285714285714,0.5625,1.0,False,12,0.4285714285714285,0.6666666666666666,0.8888888888888888,False,10,0.3571428571428571,0.8,0.8888888888888888,False,5,0.1785714285714285,1.0,0.5555555555555556,False,A_development_7_cin_linear_pairs.csv.gz,
A,development,7,ebicglasso,3774675700,1180985878,1193422071,2527160043,2706720530,100,8,complete,0e846c6445ff4eac87c49db336ba714c86faa12facf8794080155c784c970d7c,,,1.8850720410000577,161.31640625,0.9246031746031746,0.3214285714285714,0.6031746031746033,28,28,0,9,9.0,True,4,4,0.8888888888888888,0.1732811663818297,0.1689294555892978,0.1732811663818297,0.1689294555892978,0.0631355237529,0.0617367595695861,,0.1564198116158595,0.3300298600830322,0.3316225787869113,0.3328967537500145,0.3332152974907904,0.5714285714285714,0.0,0.0,0.0,0.0,0.0,,,,,,,11,0.3928571428571428,0.7272727272727273,0.8888888888888888,False,11,0.3928571428571428,0.7272727272727273,0.8888888888888888,False,11,0.3928571428571428,0.7272727272727273,0.8888888888888888,False,11,0.3928571428571428,0.7272727272727273,0.8888888888888888,False,5,0.1785714285714285,0.4,0.2222222222222222,False,5,0.1785714285714285,0.4,0.2222222222222222,False,5,0.1785714285714285,0.4,0.2222222222222222,False,5,0.1785714285714285,0.4,0.2222222222222222,False,A_development_7_ebicglasso_pairs.csv.gz,
A,development,8,cin,3032342240,2495757697,1270919102,3572807887,1167021521,100,8,complete,0e846c6445ff4eac87c49db336ba714c86faa12facf8794080155c784c970d7c,,,0.3345173949996933,161.31640625,0.9765432098765434,0.3214285714285714,0.655114638447972,28,28,0,9,9.0,True,4,4,1.0,0.0309372447895239,-0.0195578843521826,0.0309372447895239,-0.0195578843521826,0.015010979386452,-0.0100436195714548,,0.0156181116250292,0.0568099981159482,0.0678494791619798,0.0738724007997142,0.0753781312091478,0.0,0.0018572091739863,0.0242695120565354,0.0259080985447054,0.0474790427245676,0.0553169653748229,0.0,8.0,0.0,,0.0,,13,0.4642857142857143,0.6923076923076923,1.0,False,10,0.3571428571428571,0.9,1.0,False,9,0.3214285714285714,0.8888888888888888,0.8888888888888888,False,6,0.2142857142857142,1.0,0.6666666666666666,False,13,0.4642857142857143,0.6923076923076923,1.0,False,10,0.3571428571428571,0.9,1.0,False,9,0.3214285714285714,0.8888888888888888,0.8888888888888888,False,6,0.2142857142857142,1.0,0.6666666666666666,False,A_development_8_cin_pairs.csv.gz,
A,development,8,cin_linear,3032342240,2495757697,1270919102,3572807887,1167021521,100,8,complete,0e846c6445ff4eac87c49db336ba714c86faa12facf8794080155c784c970d7c,,,0.2671962169997641,161.31640625,0.9888888888888892,0.3214285714285714,0.6674603174603178,28,28,0,9,9.0,True,4,4,1.0,0.031922464704913,-0.0191898361244856,0.031922464704913,-0.0191898361244856,0.0159984880624853,-0.0105639686135121,,0.0167090075253686,0.0577605085346257,0.0694796029858849,0.0764645634709525,0.0782108035922194,0.0,0.0044739463068426,0.0221854194893111,0.0306775483339982,0.0356656784843133,0.0370534293100987,,,,,,,13,0.4642857142857143,0.6923076923076923,1.0,False,11,0.3928571428571428,0.8181818181818182,1.0,False,9,0.3214285714285714,0.8888888888888888,0.8888888888888888,False,6,0.2142857142857142,1.0,0.6666666666666666,False,13,0.4642857142857143,0.6923076923076923,1.0,False,11,0.3928571428571428,0.8181818181818182,1.0,False,9,0.3214285714285714,0.8888888888888888,0.8888888888888888,False,6,0.2142857142857142,1.0,0.6666666666666666,False,A_development_8_cin_linear_pairs.csv.gz,
A,development,8,ebicglasso,3032342240,2495757697,1270919102,3572807887,1167021521,100,8,complete,0e846c6445ff4eac87c49db336ba714c86faa12facf8794080155c784c970d7c,,,2.448670733999734,161.44140625,0.773809523809524,0.3214285714285714,0.4523809523809525,28,28,0,9,9.0,True,4,4,0.6666666666666666,0.1043350612483036,0.0728170825726382,0.1043350612483036,0.0728170825726382,0.0335362696869547,0.0234054908269194,,0.1971855048187228,0.262987074283951,0.2645305841858358,0.2657653921073437,0.2660740940877206,0.75,0.0,0.0,0.0,0.0,0.0,,,,,,,6,0.2142857142857142,1.0,0.6666666666666666,False,6,0.2142857142857142,1.0,0.6666666666666666,False,6,0.2142857142857142,1.0,0.6666666666666666,False,6,0.2142857142857142,1.0,0.6666666666666666,False,2,0.0714285714285714,1.0,0.2222222222222222,False,2,0.0714285714285714,1.0,0.2222222222222222,False,2,0.0714285714285714,1.0,0.2222222222222222,False,2,0.0714285714285714,1.0,0.2222222222222222,False,A_development_8_ebicglasso_pairs.csv.gz,
A,development,9,cin,3041133929,3311910364,1952964201,2945423077,505137774,100,8,complete,0e846c6445ff4eac87c49db336ba714c86faa12facf8794080155c784c970d7c,,,0.3556123089997527,161.44140625,0.9323671497584544,0.3214285714285714,0.6109385783298829,28,28,0,9,9.0,True,4,4,0.8888888888888888,0.0314900969654558,-0.0314900969654558,0.0314900969654558,-0.0314900969654558,0.0124468694747272,-0.0116504160150798,,0.02368134958288,0.052113764663177,0.0628393847431981,0.071419880807215,0.0735650048232192,0.0,0.0024800004097221,0.0091524726340745,0.016311591127213,0.0226591880441174,0.0238238612567434,0.0,8.0,0.0,,0.0,,11,0.3928571428571428,0.7272727272727273,0.8888888888888888,False,9,0.3214285714285714,0.8888888888888888,0.8888888888888888,False,8,0.2857142857142857,1.0,0.8888888888888888,False,7,0.25,1.0,0.7777777777777778,False,11,0.3928571428571428,0.7272727272727273,0.8888888888888888,False,9,0.3214285714285714,0.8888888888888888,0.8888888888888888,False,8,0.2857142857142857,1.0,0.8888888888888888,False,7,0.25,1.0,0.7777777777777778,False,A_development_9_cin_pairs.csv.gz,
A,development,9,cin_linear,3041133929,3311910364,1952964201,2945423077,505137774,100,8,complete,0e846c6445ff4eac87c49db336ba714c86faa12facf8794080155c784c970d7c,,,0.2659558350001134,161.44140625,0.9365079365079368,0.3214285714285714,0.6150793650793653,28,28,0,9,9.0,True,4,4,0.8888888888888888,0.0322576764264201,-0.0322576764264201,0.0322576764264201,-0.0322576764264201,0.013351681971784,-0.0123465289273652,,0.0187412034683129,0.0494972163778932,0.061372220960001,0.0738689857599672,0.0769931769599587,0.0,0.002015735833662,0.0068823561314939,0.0092358534161893,0.0214025259315759,0.0258839839257449,,,,,,,13,0.4642857142857143,0.6153846153846154,0.8888888888888888,False,9,0.3214285714285714,0.8888888888888888,0.8888888888888888,False,8,0.2857142857142857,1.0,0.8888888888888888,False,6,0.2142857142857142,1.0,0.6666666666666666,False,13,0.4642857142857143,0.6153846153846154,0.8888888888888888,False,9,0.3214285714285714,0.8888888888888888,0.8888888888888888,False,8,0.2857142857142857,1.0,0.8888888888888888,False,6,0.2142857142857142,1.0,0.6666666666666666,False,A_development_9_cin_linear_pairs.csv.gz,
A,development,9,ebicglasso,3041133929,3311910364,1952964201,2945423077,505137774,100,8,complete,0e846c6445ff4eac87c49db336ba714c86faa12facf8794080155c784c970d7c,,,1.7663248509998084,161.44140625,0.9658119658119656,0.3214285714285714,0.6443833943833943,28,28,0,9,9.0,True,4,4,1.0,0.1769954025508945,0.1769954025508945,0.1769954025508945,0.1769954025508945,0.0692639480128615,0.0692639480128615,,0.120228331336767,0.3152100091793679,0.3282315107846041,0.3383272876078216,0.3408512318136261,0.3928571428571429,0.0,0.0,0.0,0.0,0.0,,,,,,,16,0.5714285714285714,0.5625,1.0,False,16,0.5714285714285714,0.5625,1.0,False,16,0.5714285714285714,0.5625,1.0,False,16,0.5714285714285714,0.5625,1.0,False,8,0.2857142857142857,0.5,0.4444444444444444,False,8,0.2857142857142857,0.5,0.4444444444444444,False,8,0.2857142857142857,0.5,0.4444444444444444,False,8,0.2857142857142857,0.5,0.4444444444444444,False,A_development_9_ebicglasso_pairs.csv.gz,
B,development,0,cin,789166437,3319252032,364549873,428297425,1977351942,200,30,complete,0e846c6445ff4eac87c49db336ba714c86faa12facf8794080155c784c970d7c,,,2.323640591,162.6328125,0.6525381942252546,0.2505747126436781,0.4019634815815764,435,435,0,109,31.0,True,4,4,0.8709677419354839,0.0093017270200976,-0.0090587780193523,0.0093017270200976,-0.0090587780193523,0.0031650845090091,-0.0024803836988264,,0.0012122901028207,0.0055654314133251,0.010669879921191,0.0198421383559258,0.0323152569530104,0.0,0.000387098418847,0.0047452864067975,0.0067591306488295,0.0146531213690203,0.0258629493168389,0.0,30.0,0.0,,0.0,,211,0.4850574712643678,0.3649289099526066,0.7064220183486238,False,28,0.064367816091954,0.9642857142857144,0.2477064220183486,False,12,0.0275862068965517,1.0,0.110091743119266,False,3,0.0068965517241379,1.0,0.0275229357798165,False,186,0.4275862068965517,0.3870967741935484,0.6605504587155964,False,28,0.064367816091954,0.9642857142857144,0.2477064220183486,False,12,0.0275862068965517,1.0,0.110091743119266,False,3,0.0068965517241379,1.0,0.0275229357798165,False,B_development_0_cin_pairs.csv.gz,
B,development,0,cin_linear,789166437,3319252032,364549873,428297425,1977351942,200,30,complete,0e846c6445ff4eac87c49db336ba714c86faa12facf8794080155c784c970d7c,,,1.9774991009999925,162.8828125,0.6494715013798995,0.2505747126436781,0.3988967887362213,435,435,0,109,31.0,True,4,4,0.8387096774193549,0.0088047070497642,-0.0084708347206166,0.0088047070497642,-0.0084708347206166,0.0031159004496744,-0.002345345832869,,0.0012645427141592,0.0063653235188414,0.0121697250369032,0.0219858913977944,0.0319339467011382,0.0,0.0005667076289839,0.004544691099993,0.005779927150392,0.0185569657396102,0.0243360092772616,,,,,,,213,0.4896551724137931,0.3661971830985915,0.7155963302752294,False,31,0.0712643678160919,0.967741935483871,0.2752293577981651,False,17,0.0390804597701149,1.0,0.1559633027522936,False,3,0.0068965517241379,1.0,0.0275229357798165,False,182,0.4183908045977011,0.4065934065934066,0.6788990825688074,False,31,0.0712643678160919,0.967741935483871,0.2752293577981651,False,17,0.0390804597701149,1.0,0.1559633027522936,False,3,0.0068965517241379,1.0,0.0275229357798165,False,B_development_0_cin_linear_pairs.csv.gz,
B,development,0,ebicglasso,789166437,3319252032,364549873,428297425,1977351942,200,30,complete,0e846c6445ff4eac87c49db336ba714c86faa12facf8794080155c784c970d7c,,,8.399220554999985,163.6328125,0.2505747126436781,0.2505747126436781,0.0,435,435,0,109,31.0,True,0,0,0.0,0.0121779266915866,-0.0121779266915866,0.0121779266915866,-0.0121779266915866,0.0030514804813401,-0.0030514804813401,,,,,,,0.9977011494252872,0.0,0.0,0.0,0.0,0.0,,,,,,,0,0.0,,0.0,True,0,0.0,,0.0,True,0,0.0,,0.0,True,0,0.0,,0.0,True,0,0.0,,0.0,True,0,0.0,,0.0,True,0,0.0,,0.0,True,0,0.0,,0.0,True,B_development_0_ebicglasso_pairs.csv.gz,
B,development,1,cin,3530567784,2203185407,1181141077,256253872,2414549066,200,30,complete,0e846c6445ff4eac87c49db336ba714c86faa12facf8794080155c784c970d7c,,,2.268790093000007,163.7578125,0.681018216789633,0.2505747126436781,0.4304435041459549,435,435,0,109,38.0,True,4,4,1.0,0.0091581918347569,-0.0088123210880702,0.0091581918347569,-0.0088123210880702,0.0033712328096188,-0.0025180199506652,,0.0016687418959694,0.0074208317663972,0.0117269995241201,0.0366381049135314,0.0411048747648239,0.0,0.0008823127063053,0.0052361056157426,0.0077258088999264,0.0152027548579785,0.0474812832164191,0.0,30.0,0.0,,0.0,,206,0.4735632183908046,0.3834951456310679,0.7247706422018348,False,45,0.1034482758620689,0.8444444444444444,0.3486238532110092,False,13,0.0298850574712643,1.0,0.1192660550458715,False,5,0.0114942528735632,1.0,0.0458715596330275,False,168,0.3862068965517241,0.4345238095238095,0.6697247706422018,False,45,0.1034482758620689,0.8444444444444444,0.3486238532110092,False,13,0.0298850574712643,1.0,0.1192660550458715,False,5,0.0114942528735632,1.0,0.0458715596330275,False,B_development_1_cin_pairs.csv.gz,
B,development,1,cin_linear,3530567784,2203185407,1181141077,256253872,2414549066,200,30,complete,0e846c6445ff4eac87c49db336ba714c86faa12facf8794080155c784c970d7c,,,1.995175343,163.8828125,0.6868448524997134,0.2505747126436781,0.4362701398560352,435,435,0,109,38.0,True,4,4,0.9736842105263158,0.0088245150382429,-0.0082013308594676,0.0088245150382429,-0.0082013308594676,0.0033797079986892,-0.0023699302266126,,0.0017483694491753,0.0106586744142133,0.0135168218705325,0.0361906328521247,0.0428236760357548,0.0,0.001018479850987,0.0055992009009809,0.0081430727720955,0.0149209854187695,0.0464757571705174,,,,,,,199,0.4574712643678161,0.4120603015075377,0.7522935779816514,False,51,0.1172413793103448,0.8627450980392157,0.4036697247706422,False,21,0.0482758620689655,0.9523809523809524,0.1834862385321101,False,5,0.0114942528735632,1.0,0.0458715596330275,False,169,0.3885057471264367,0.4378698224852071,0.6788990825688074,False,51,0.1172413793103448,0.8627450980392157,0.4036697247706422,False,21,0.0482758620689655,0.9523809523809524,0.1834862385321101,False,5,0.0114942528735632,1.0,0.0458715596330275,False,B_development_1_cin_linear_pairs.csv.gz,
B,development,1,ebicglasso,3530567784,2203185407,1181141077,256253872,2414549066,200,30,complete,0e846c6445ff4eac87c49db336ba714c86faa12facf8794080155c784c970d7c,,,14.14318435200002,163.8828125,0.2643256353474638,0.2505747126436781,0.0137509227037856,435,435,0,109,38.0,True,4,0,0.0526315789473684,0.0149171106830821,-0.0105153942617801,0.0149171106830821,-0.0105153942617801,0.0037378507228872,-0.0026348918954805,,0.1662473583160162,0.1978347145227413,0.2017831340485819,0.2049418696692544,0.2057315535744225,0.993103448275862,0.0,0.0,0.0,0.0,0.0,,,,,,,2,0.0045977011494252,1.0,0.018348623853211,False,2,0.0045977011494252,1.0,0.018348623853211,False,2,0.0045977011494252,1.0,0.018348623853211,False,2,0.0045977011494252,1.0,0.018348623853211,False,0,0.0,,0.0,True,0,0.0,,0.0,True,0,0.0,,0.0,True,0,0.0,,0.0,True,B_development_1_ebicglasso_pairs.csv.gz,
B,development,2,cin,645976065,2601747000,4277728612,82305267,502637116,200,30,complete,0e846c6445ff4eac87c49db336ba714c86faa12facf8794080155c784c970d7c,,,2.2802522190000047,163.8828125,0.6332453157899056,0.2505747126436781,0.3826706031462275,435,435,0,109,35.0,True,4,4,1.0,0.0084961047570368,-0.0078461734889554,0.0084961047570368,-0.0078461734889554,0.0030306473141727,-0.0020721408104596,,0.0010494950144761,0.0123429111388733,0.0176633784680004,0.0242539174814406,0.0346390903696826,0.0,0.0006728319545114,0.0054054496299563,0.008734903838879,0.014820582243574,0.0285197210883066,0.0,30.0,0.0,,0.0,,211,0.4850574712643678,0.3744075829383886,0.7247706422018348,False,40,0.0919540229885057,0.925,0.3394495412844037,False,26,0.0597701149425287,0.9615384615384616,0.2293577981651376,False,9,0.0206896551724137,0.8888888888888888,0.073394495412844,False,173,0.3977011494252873,0.3930635838150289,0.6238532110091743,False,40,0.0919540229885057,0.925,0.3394495412844037,False,26,0.0597701149425287,0.9615384615384616,0.2293577981651376,False,9,0.0206896551724137,0.8888888888888888,0.073394495412844,False,B_development_2_cin_pairs.csv.gz,
B,development,2,cin_linear,645976065,2601747000,4277728612,82305267,502637116,200,30,complete,0e846c6445ff4eac87c49db336ba714c86faa12facf8794080155c784c970d7c,,,2.000898824999979,163.8828125,0.63680690814061,0.2505747126436781,0.3862321954969319,435,435,0,109,35.0,True,4,4,1.0,0.0081986937878513,-0.0071383537861873,0.0081986937878513,-0.0071383537861873,0.0031027156827958,-0.0019672211541483,,0.0010945848715078,0.0141942022285055,0.0191818518804849,0.0256352079327573,0.0377805501091902,0.0,0.0008572322885805,0.0060056248044039,0.0086424101060177,0.015114213498318,0.0282927200663572,,,,,,,212,0.4873563218390804,0.3584905660377358,0.6972477064220184,False,42,0.096551724137931,0.9523809523809524,0.3669724770642202,False,30,0.0689655172413793,0.9666666666666668,0.2660550458715596,False,10,0.0229885057471264,0.9,0.0825688073394495,False,175,0.4022988505747126,0.3942857142857143,0.6330275229357798,False,42,0.096551724137931,0.9523809523809524,0.3669724770642202,False,30,0.0689655172413793,0.9666666666666668,0.2660550458715596,False,10,0.0229885057471264,0.9,0.0825688073394495,False,B_development_2_cin_linear_pairs.csv.gz,
B,development,2,ebicglasso,645976065,2601747000,4277728612,82305267,502637116,200,30,complete,0e846c6445ff4eac87c49db336ba714c86faa12facf8794080155c784c970d7c,,,12.919485199000007,164.0078125,0.5023343208148567,0.2505747126436781,0.2517596081711786,435,435,0,109,35.0,True,4,4,0.8,0.0362518261621403,0.0272481758972601,0.0362518261621403,0.0272481758972601,0.0096109217602387,0.0073548346823722,,0.1028047251239565,0.2046458424321748,0.2158878388510181,0.241346701521295,0.2434757619158584,0.9011494252873564,0.0,0.0,0.0,0.0,0.0,,,,,,,42,0.096551724137931,0.9047619047619048,0.3486238532110092,False,41,0.0942528735632183,0.902439024390244,0.3394495412844037,False,40,0.0919540229885057,0.9,0.3302752293577982,False,38,0.0873563218390804,0.9210526315789472,0.3211009174311927,False,20,0.0459770114942528,0.9,0.1651376146788991,False,20,0.0459770114942528,0.9,0.1651376146788991,False,19,0.0436781609195402,0.8947368421052632,0.1559633027522936,False,18,0.0413793103448275,0.9444444444444444,0.1559633027522936,False,B_development_2_ebicglasso_pairs.csv.gz,
B,development,3,cin,2076953208,1843831055,1973330672,2381320641,903055357,200,30,complete,0e846c6445ff4eac87c49db336ba714c86faa12facf8794080155c784c970d7c,,,2.283687791999995,164.0078125,0.663137515386986,0.2505747126436781,0.4125628027433078,435,435,0,109,35.0,True,4,4,0.9714285714285714,0.0080610380336116,-0.0073681392300768,0.0080610380336116,-0.0073681392300768,0.0027987806006883,-0.0020683035813882,,0.0009522760677694,0.0072307444203384,0.013311421032875,0.0202656948318749,0.0244857835600173,0.0,0.000503152710384,0.0049766092129418,0.0071951822505036,0.0184415827578011,0.0296859369726862,0.0,30.0,0.0,,0.0,,209,0.4804597701149425,0.3827751196172249,0.7339449541284404,False,34,0.0781609195402298,0.9411764705882352,0.2935779816513761,False,15,0.0344827586206896,1.0,0.1376146788990825,False,3,0.0068965517241379,1.0,0.0275229357798165,False,174,0.4,0.4080459770114942,0.6513761467889908,False,34,0.0781609195402298,0.9411764705882352,0.2935779816513761,False,15,0.0344827586206896,1.0,0.1376146788990825,False,3,0.0068965517241379,1.0,0.0275229357798165,False,B_development_3_cin_pairs.csv.gz,
B,development,3,cin_linear,2076953208,1843831055,1973330672,2381320641,903055357,200,30,complete,0e846c6445ff4eac87c49db336ba714c86faa12facf8794080155c784c970d7c,,,1.987812362999989,164.0078125,0.6557594704436506,0.2505747126436781,0.4051847577999724,435,435,0,109,35.0,True,4,4,0.9142857142857144,0.0077479876365568,-0.0067362699113823,0.0077479876365568,-0.0067362699113823,0.0028884552413621,-0.0020340421737665,,0.0011539786755816,0.0093736325516911,0.0166059130487785,0.0236184080361455,0.0258689453300311,0.0,0.0008378216449107,0.0060376781325981,0.0089881744401095,0.0201035990999013,0.0310252171894533,,,,,,,197,0.4528735632183908,0.3857868020304568,0.6972477064220184,False,39,0.0896551724137931,0.9487179487179488,0.3394495412844037,False,18,0.0413793103448275,1.0,0.1651376146788991,False,4,0.0091954022988505,1.0,0.036697247706422,False,162,0.3724137931034483,0.4135802469135802,0.6146788990825688,False,39,0.0896551724137931,0.9487179487179488,0.3394495412844037,False,18,0.0413793103448275,1.0,0.1651376146788991,False,4,0.0091954022988505,1.0,0.036697247706422,False,B_development_3_cin_linear_pairs.csv.gz,
B,development,3,ebicglasso,2076953208,1843831055,1973330672,2381320641,903055357,200,30,complete,0e846c6445ff4eac87c49db336ba714c86faa12facf8794080155c784c970d7c,,,10.182029723,164.0078125,0.2505747126436781,0.2505747126436781,0.0,435,435,0,109,35.0,True,0,0,0.0,0.0110927100062667,-0.0110927100062667,0.0110927100062667,-0.0110927100062667,0.0027795526222599,-0.0027795526222599,,,,,,,0.9977011494252872,0.0,0.0,0.0,0.0,0.0,,,,,,,0,0.0,,0.0,True,0,0.0,,0.0,True,0,0.0,,0.0,True,0,0.0,,0.0,True,0,0.0,,0.0,True,0,0.0,,0.0,True,0,0.0,,0.0,True,0,0.0,,0.0,True,B_development_3_ebicglasso_pairs.csv.gz,
B,development,4,cin,1911746022,1591113260,1589835411,3774539281,1108333843,200,30,complete,0e846c6445ff4eac87c49db336ba714c86faa12facf8794080155c784c970d7c,,,2.300143001000009,164.1328125,0.616209695024488,0.2505747126436781,0.3656349823808098,435,435,0,109,31.0,True,4,4,0.967741935483871,0.0077708162049739,-0.007363128629878,0.0077708162049739,-0.007363128629878,0.0027163898520189,-0.002003172929573,,0.0010012005648547,0.0065335765867938,0.0085420346601847,0.0212993653632315,0.0289206851666493,0.0,0.0004041644791828,0.0042533344989513,0.0056180529530833,0.0095223462591464,0.0312031127601184,0.0,30.0,0.0,,0.0,,208,0.4781609195402299,0.3365384615384615,0.6422018348623854,False,32,0.0735632183908046,0.9375,0.2752293577981651,False,8,0.0183908045977011,1.0,0.073394495412844,False,3,0.0068965517241379,1.0,0.0275229357798165,False,178,0.4091954022988506,0.3707865168539326,0.6055045871559633,False,32,0.0735632183908046,0.9375,0.2752293577981651,False,8,0.0183908045977011,1.0,0.073394495412844,False,3,0.0068965517241379,1.0,0.0275229357798165,False,B_development_4_cin_pairs.csv.gz,
B,development,4,cin_linear,1911746022,1591113260,1589835411,3774539281,1108333843,200,30,complete,0e846c6445ff4eac87c49db336ba714c86faa12facf8794080155c784c970d7c,,,2.0046378629999992,164.1328125,0.6134804801469161,0.2505747126436781,0.362905767503238,435,435,0,109,31.0,True,4,4,0.935483870967742,0.0075393144621814,-0.0070987256396511,0.0075393144621814,-0.0070987256396511,0.0027331731531032,-0.0019672951517721,,0.0009984819228193,0.0067112524143707,0.009560985100174,0.0245740429600772,0.0322199121160292,0.0,0.0005252136570675,0.0042604989203415,0.0053185307506381,0.0106340415363511,0.0256136578259001,,,,,,,206,0.4735632183908046,0.3398058252427184,0.6422018348623854,False,35,0.0804597701149425,0.9142857142857144,0.2935779816513761,False,10,0.0229885057471264,1.0,0.091743119266055,False,3,0.0068965517241379,1.0,0.0275229357798165,False,178,0.4091954022988506,0.3707865168539326,0.6055045871559633,False,35,0.0804597701149425,0.9142857142857144,0.2935779816513761,False,10,0.0229885057471264,1.0,0.091743119266055,False,3,0.0068965517241379,1.0,0.0275229357798165,False,B_development_4_cin_linear_pairs.csv.gz,
B,development,4,ebicglasso,1911746022,1591113260,1589835411,3774539281,1108333843,200,30,complete,0e846c6445ff4eac87c49db336ba714c86faa12facf8794080155c784c970d7c,,,11.18673213300002,164.1328125,0.3124538648107139,0.2505747126436781,0.0618791521670357,435,435,0,109,31.0,True,4,4,0.2258064516129032,0.0146144664282406,-0.0024323527699595,0.0146144664282406,-0.0024323527699595,0.003662015725697,-0.0006094860963806,,0.0865455032965141,0.1541651539088014,0.1678395829638699,0.1787791262079247,0.1815140120189384,0.9770114942528736,0.0,0.0,0.0,0.0,0.0,,,,,,,9,0.0206896551724137,1.0,0.0825688073394495,False,9,0.0206896551724137,1.0,0.0825688073394495,False,9,0.0206896551724137,1.0,0.0825688073394495,False,9,0.0206896551724137,1.0,0.0825688073394495,False,8,0.0183908045977011,1.0,0.073394495412844,False,8,0.0183908045977011,1.0,0.073394495412844,False,8,0.0183908045977011,1.0,0.073394495412844,False,8,0.0183908045977011,1.0,0.073394495412844,False,B_development_4_ebicglasso_pairs.csv.gz,
B,development,5,cin,2036921526,315581703,3821254622,3797137715,100643948,200,30,complete,0e846c6445ff4eac87c49db336ba714c86faa12facf8794080155c784c970d7c,,,2.2818755039999985,164.1328125,0.7389059097901625,0.2505747126436781,0.4883311971464843,435,435,0,109,33.0,True,4,4,1.0,0.0084998723973093,-0.0069958183410667,0.0084998723973093,-0.0069958183410667,0.0031217777700587,-0.0021273480097194,,0.0012960240364214,0.0114498627427309,0.0180414631235586,0.0274288303721465,0.0645607253667207,0.0,0.0008293782755534,0.0059729357660043,0.009272352534869,0.0177311415626367,0.0387960987734664,0.0,30.0,0.0,,0.0,,200,0.4597701149425287,0.44,0.8073394495412844,False,39,0.0896551724137931,0.9230769230769232,0.3302752293577982,False,22,0.0505747126436781,1.0,0.2018348623853211,False,10,0.0229885057471264,1.0,0.091743119266055,False,170,0.3908045977011494,0.488235294117647,0.7614678899082569,False,39,0.0896551724137931,0.9230769230769232,0.3302752293577982,False,22,0.0505747126436781,1.0,0.2018348623853211,False,10,0.0229885057471264,1.0,0.091743119266055,False,B_development_5_cin_pairs.csv.gz,
B,development,5,cin_linear,2036921526,315581703,3821254622,3797137715,100643948,200,30,complete,0e846c6445ff4eac87c49db336ba714c86faa12facf8794080155c784c970d7c,,,1.9759357640000133,164.1328125,0.7342666234018891,0.2505747126436781,0.4836919107582109,435,435,0,109,33.0,True,4,4,1.0,0.0083007638093607,-0.0061382439734668,0.0083007638093607,-0.0061382439734668,0.003216342700106,-0.0019580044706456,,0.0015794060386352,0.0117111086445045,0.0225459825398584,0.0344659512816031,0.0755222655129809,0.0,0.0010334162959284,0.0055951660503621,0.0078079940294705,0.0166772691136363,0.03838476699391,,,,,,,204,0.4689655172413793,0.4264705882352941,0.7981651376146789,False,49,0.1126436781609195,0.8775510204081632,0.3944954128440367,False,25,0.057471264367816,1.0,0.2293577981651376,False,12,0.0275862068965517,1.0,0.110091743119266,False,175,0.4022988505747126,0.4685714285714286,0.7522935779816514,False,49,0.1126436781609195,0.8775510204081632,0.3944954128440367,False,25,0.057471264367816,1.0,0.2293577981651376,False,12,0.0275862068965517,1.0,0.110091743119266,False,B_development_5_cin_linear_pairs.csv.gz,
B,development,5,ebicglasso,2036921526,315581703,3821254622,3797137715,100643948,200,30,complete,0e846c6445ff4eac87c49db336ba714c86faa12facf8794080155c784c970d7c,,,12.58694698299999,164.1328125,0.2849520194031424,0.2505747126436781,0.0343773067594643,435,435,0,109,33.0,True,4,4,0.1515151515151515,0.0159308426247255,-0.0069268651351868,0.0159308426247255,-0.0069268651351868,0.0039918663128622,-0.0017356972407709,,0.1158793023708769,0.2154687625267728,0.2162278325682577,0.2168350886014456,0.2169869026097425,0.986206896551724,0.0,0.0,0.0,0.0,0.0,,,,,,,5,0.0114942528735632,1.0,0.0458715596330275,False,5,0.0114942528735632,1.0,0.0458715596330275,False,5,0.0114942528735632,1.0,0.0458715596330275,False,5,0.0114942528735632,1.0,0.0458715596330275,False,3,0.0068965517241379,1.0,0.0275229357798165,False,3,0.0068965517241379,1.0,0.0275229357798165,False,3,0.0068965517241379,1.0,0.0275229357798165,False,3,0.0068965517241379,1.0,0.0275229357798165,False,B_development_5_ebicglasso_pairs.csv.gz,
B,development,6,cin,4036578028,224638632,586177280,3378699553,132331191,200,30,complete,0e846c6445ff4eac87c49db336ba714c86faa12facf8794080155c784c970d7c,,,2.2721824930000025,164.1328125,0.5766596694509694,0.2505747126436781,0.3260849568072912,435,435,0,109,30.0,True,4,4,0.9333333333333332,0.0063697764707107,-0.0053673112918648,0.0063697764707107,-0.0053673112918648,0.0024322653702342,-0.0016653565004938,,0.0007619665008782,0.0073388327513785,0.0106176755374916,0.0216526177624272,0.0326822097582152,0.0,0.0004466189089659,0.0046523553035754,0.0076615202967759,0.0124727962856442,0.0305493401646898,0.0,30.0,0.0,,0.0,,184,0.4229885057471264,0.3532608695652174,0.5963302752293578,False,26,0.0597701149425287,0.9615384615384616,0.2293577981651376,False,11,0.025287356321839,1.0,0.1009174311926605,False,4,0.0091954022988505,1.0,0.036697247706422,False,162,0.3724137931034483,0.3641975308641975,0.5412844036697247,False,25,0.057471264367816,0.96,0.2201834862385321,False,10,0.0229885057471264,1.0,0.091743119266055,False,4,0.0091954022988505,1.0,0.036697247706422,False,B_development_6_cin_pairs.csv.gz,
B,development,6,cin_linear,4036578028,224638632,586177280,3378699553,132331191,200,30,complete,0e846c6445ff4eac87c49db336ba714c86faa12facf8794080155c784c970d7c,,,1.9744649700000136,164.1328125,0.5742615936856321,0.2505747126436781,0.323686881041954,435,435,0,109,30.0,True,4,4,0.9333333333333332,0.0063937678505517,-0.0046397735415441,0.0063937678505517,-0.0046397735415441,0.0025411979255278,-0.0014978118408323,,0.0010167530934419,0.0091120400026051,0.014424021446742,0.0294393263733648,0.0320660808432066,0.0,0.0006641556425998,0.004756493633968,0.0079320248379693,0.0124231013920301,0.0311058006461518,,,,,,,183,0.4206896551724138,0.3551912568306011,0.5963302752293578,False,28,0.064367816091954,0.8928571428571429,0.2293577981651376,False,18,0.0413793103448275,1.0,0.1651376146788991,False,5,0.0114942528735632,1.0,0.0458715596330275,False,159,0.3655172413793103,0.3647798742138364,0.5321100917431193,False,27,0.0620689655172413,0.8888888888888888,0.2201834862385321,False,17,0.0390804597701149,1.0,0.1559633027522936,False,5,0.0114942528735632,1.0,0.0458715596330275,False,B_development_6_cin_linear_pairs.csv.gz,
B,development,6,ebicglasso,4036578028,224638632,586177280,3378699553,132331191,200,30,complete,0e846c6445ff4eac87c49db336ba714c86faa12facf8794080155c784c970d7c,,,10.893383868,164.1328125,0.3330802488663925,0.2505747126436781,0.0825055362227143,435,435,0,109,30.0,True,4,4,0.3333333333333333,0.0139204227240954,0.0020418983048494,0.0139204227240954,0.0020418983048494,0.0034881142762643,0.0005116564332808,,0.0767757366757056,0.1742219773924998,0.1893619218897873,0.192084880319927,0.1927656199274619,0.967816091954023,0.0,0.0,0.0,0.0,0.0,,,,,,,13,0.0298850574712643,0.9230769230769232,0.110091743119266,False,12,0.0275862068965517,1.0,0.110091743119266,False,12,0.0275862068965517,1.0,0.110091743119266,False,12,0.0275862068965517,1.0,0.110091743119266,False,6,0.0137931034482758,1.0,0.055045871559633,False,6,0.0137931034482758,1.0,0.055045871559633,False,6,0.0137931034482758,1.0,0.055045871559633,False,6,0.0137931034482758,1.0,0.055045871559633,False,B_development_6_ebicglasso_pairs.csv.gz,
B,development,7,cin,2247002931,959806686,2084479630,1010259199,33933856,200,30,complete,0e846c6445ff4eac87c49db336ba714c86faa12facf8794080155c784c970d7c,,,2.280361486000004,164.1328125,0.6673622290340641,0.2505747126436781,0.4167875163903859,435,435,0,109,37.0,True,4,4,0.8918918918918919,0.0098124361998052,-0.0085439180681506,0.0098124361998052,-0.0085439180681506,0.0033233945979948,-0.002452593714903,,0.0008907792009328,0.0073755404295331,0.0187428322066254,0.0294440821908838,0.0483974091691878,0.0,0.0004183076195592,0.0052586175647736,0.008888660626849,0.0255084420747067,0.0303684383381249,0.0,30.0,0.0,,0.0,,212,0.4873563218390804,0.3773584905660377,0.7339449541284404,False,34,0.0781609195402298,0.9411764705882352,0.2935779816513761,False,18,0.0413793103448275,1.0,0.1651376146788991,False,10,0.0229885057471264,1.0,0.091743119266055,False,172,0.3954022988505747,0.4244186046511627,0.6697247706422018,False,34,0.0781609195402298,0.9411764705882352,0.2935779816513761,False,18,0.0413793103448275,1.0,0.1651376146788991,False,10,0.0229885057471264,1.0,0.091743119266055,False,B_development_7_cin_pairs.csv.gz,
B,development,7,cin_linear,2247002931,959806686,2084479630,1010259199,33933856,200,30,complete,0e846c6445ff4eac87c49db336ba714c86faa12facf8794080155c784c970d7c,,,1.9757012050000071,164.2578125,0.6601502238788931,0.2505747126436781,0.4095755112352149,435,435,0,109,37.0,True,4,4,0.918918918918919,0.0096244303570331,-0.0079773845974009,0.0096244303570331,-0.0079773845974009,0.0034815313162222,-0.0023831937789317,,0.0012838394248361,0.010460417491356,0.0210313649700923,0.0318412396831542,0.0491530833887637,0.0,0.000840343414907,0.0056185958121895,0.0086124243818969,0.0252419979042013,0.0316020409392961,,,,,,,193,0.4436781609195402,0.4093264248704663,0.7247706422018348,False,42,0.096551724137931,0.8809523809523809,0.3394495412844037,False,20,0.0459770114942528,1.0,0.1834862385321101,False,10,0.0229885057471264,1.0,0.091743119266055,False,164,0.3770114942528735,0.4390243902439024,0.6605504587155964,False,42,0.096551724137931,0.8809523809523809,0.3394495412844037,False,20,0.0459770114942528,1.0,0.1834862385321101,False,10,0.0229885057471264,1.0,0.091743119266055,False,B_development_7_cin_linear_pairs.csv.gz,
B,development,7,ebicglasso,2247002931,959806686,2084479630,1010259199,33933856,200,30,complete,0e846c6445ff4eac87c49db336ba714c86faa12facf8794080155c784c970d7c,,,7.575847044,164.2578125,0.3945423868549462,0.2505747126436781,0.143967674211268,435,435,0,109,37.0,True,4,4,0.4324324324324324,0.0220900479197031,0.0050657419347857,0.0220900479197031,0.0050657419347857,0.0055828974689953,0.0013170368888666,,0.0723987318987244,0.1784929354646661,0.2066274488134835,0.2125935146766061,0.2138012067397696,0.9471264367816092,0.0,0.0,0.0,0.0,0.0,,,,,,,22,0.0505747126436781,0.9545454545454546,0.1926605504587156,False,22,0.0505747126436781,0.9545454545454546,0.1926605504587156,False,21,0.0482758620689655,0.9523809523809524,0.1834862385321101,False,21,0.0482758620689655,0.9523809523809524,0.1834862385321101,False,14,0.032183908045977,0.9285714285714286,0.1192660550458715,False,14,0.032183908045977,0.9285714285714286,0.1192660550458715,False,14,0.032183908045977,0.9285714285714286,0.1192660550458715,False,14,0.032183908045977,0.9285714285714286,0.1192660550458715,False,B_development_7_ebicglasso_pairs.csv.gz,
B,development,8,cin,392476198,3987758289,2646570154,4063223375,2206484739,200,30,complete,0e846c6445ff4eac87c49db336ba714c86faa12facf8794080155c784c970d7c,,,2.2793606839999825,164.2578125,0.6636395622164172,0.2505747126436781,0.413064849572739,435,435,0,109,39.0,True,4,4,0.9487179487179488,0.0080040334564454,-0.007501888361457,0.0080040334564454,-0.007501888361457,0.0028456537662081,-0.0022135519732531,,0.0008842432230568,0.0087330534796078,0.0143755736182033,0.0257824187724902,0.0271958277435302,0.0,0.0003765567291281,0.0065514969733467,0.0096507415739756,0.0169544269301832,0.0271780080489103,0.0,30.0,0.0,,0.0,,206,0.4735632183908046,0.3640776699029126,0.6880733944954128,False,36,0.0827586206896551,0.9722222222222222,0.3211009174311927,False,18,0.0413793103448275,1.0,0.1651376146788991,False,6,0.0137931034482758,1.0,0.055045871559633,False,170,0.3908045977011494,0.4058823529411764,0.6330275229357798,False,35,0.0804597701149425,0.9714285714285714,0.3119266055045872,False,18,0.0413793103448275,1.0,0.1651376146788991,False,6,0.0137931034482758,1.0,0.055045871559633,False,B_development_8_cin_pairs.csv.gz,
B,development,8,cin_linear,392476198,3987758289,2646570154,4063223375,2206484739,200,30,complete,0e846c6445ff4eac87c49db336ba714c86faa12facf8794080155c784c970d7c,,,1.9754141820000088,164.2578125,0.6572525991625654,0.2505747126436781,0.4066778865188872,435,435,0,109,39.0,True,4,4,0.9487179487179488,0.0076979264014795,-0.0070569198967797,0.0076979264014795,-0.0070569198967797,0.0028796270483214,-0.0021498071528013,,0.0009873096599755,0.0093665307832054,0.014490610180073,0.0274850714210093,0.0309376036045834,0.0,0.0005666966518722,0.0063775415496235,0.0098580956971683,0.0170555050082135,0.0266872287871686,,,,,,,203,0.4666666666666667,0.3793103448275862,0.7064220183486238,False,40,0.0919540229885057,0.95,0.3486238532110092,False,20,0.0459770114942528,1.0,0.1834862385321101,False,6,0.0137931034482758,1.0,0.055045871559633,False,176,0.4045977011494253,0.3977272727272727,0.6422018348623854,False,40,0.0919540229885057,0.95,0.3486238532110092,False,20,0.0459770114942528,1.0,0.1834862385321101,False,6,0.0137931034482758,1.0,0.055045871559633,False,B_development_8_cin_linear_pairs.csv.gz,
B,development,8,ebicglasso,392476198,3987758289,2646570154,4063223375,2206484739,200,30,complete,0e846c6445ff4eac87c49db336ba714c86faa12facf8794080155c784c970d7c,,,10.790931768999997,164.2578125,0.2505747126436781,0.2505747126436781,0.0,435,435,0,109,39.0,True,0,0,0.0,0.0114626231824093,-0.0114626231824093,0.0114626231824093,-0.0114626231824093,0.0028722435100749,-0.0028722435100749,,,,,,,0.9977011494252872,0.0,0.0,0.0,0.0,0.0,,,,,,,0,0.0,,0.0,True,0,0.0,,0.0,True,0,0.0,,0.0,True,0,0.0,,0.0,True,0,0.0,,0.0,True,0,0.0,,0.0,True,0,0.0,,0.0,True,0,0.0,,0.0,True,B_development_8_ebicglasso_pairs.csv.gz,
B,development,9,cin,15321945,64712669,1523327857,4105593064,4058157961,200,30,complete,0e846c6445ff4eac87c49db336ba714c86faa12facf8794080155c784c970d7c,,,2.2829942530000267,164.2578125,0.6976196064176051,0.2505747126436781,0.447044893773927,435,435,0,109,31.0,True,4,4,1.0,0.0088453018160688,-0.0079350369128763,0.0088453018160688,-0.0079350369128763,0.0031257364755909,-0.0022945183538666,,0.0008985985979626,0.0099448652162572,0.0150869982262088,0.0310746092245648,0.0431047435596586,0.0,0.0006086508620915,0.0050346674827857,0.0072170045697639,0.0141757599003895,0.0406581167245885,0.0,30.0,0.0,,0.0,,213,0.4896551724137931,0.3943661971830985,0.7706422018348624,False,42,0.096551724137931,0.8571428571428571,0.3302752293577982,False,22,0.0505747126436781,1.0,0.2018348623853211,False,7,0.0160919540229885,1.0,0.0642201834862385,False,180,0.4137931034482758,0.4444444444444444,0.7339449541284404,False,42,0.096551724137931,0.8571428571428571,0.3302752293577982,False,22,0.0505747126436781,1.0,0.2018348623853211,False,7,0.0160919540229885,1.0,0.0642201834862385,False,B_development_9_cin_pairs.csv.gz,
B,development,9,cin_linear,15321945,64712669,1523327857,4105593064,4058157961,200,30,complete,0e846c6445ff4eac87c49db336ba714c86faa12facf8794080155c784c970d7c,,,1.97796222300002,164.2578125,0.7022481148878513,0.2505747126436781,0.4516734022441732,435,435,0,109,31.0,True,4,4,1.0,0.0084457491132566,-0.0073972280667157,0.0084457491132566,-0.0073972280667157,0.0031005587963343,-0.0021642417348814,,0.0013139953175787,0.0100126907366082,0.0163486850014495,0.0365506655458319,0.0446559522481503,0.0,0.0006795394206772,0.0053044532743776,0.0079536357925083,0.0155303424389782,0.0319624424431887,,,,,,,205,0.4712643678160919,0.4195121951219512,0.7889908256880734,False,45,0.1034482758620689,0.8444444444444444,0.3486238532110092,False,21,0.0482758620689655,1.0,0.1926605504587156,False,8,0.0183908045977011,1.0,0.073394495412844,False,184,0.4229885057471264,0.4456521739130434,0.7522935779816514,False,45,0.1034482758620689,0.8444444444444444,0.3486238532110092,False,21,0.0482758620689655,1.0,0.1926605504587156,False,8,0.0183908045977011,1.0,0.073394495412844,False,B_development_9_cin_linear_pairs.csv.gz,
B,development,9,ebicglasso,15321945,64712669,1523327857,4105593064,4058157961,200,30,complete,0e846c6445ff4eac87c49db336ba714c86faa12facf8794080155c784c970d7c,,,10.094857230000002,164.2578125,0.3733059286097695,0.2505747126436781,0.1227312159660913,435,435,0,109,31.0,True,4,4,0.5161290322580645,0.0194332382428506,0.0039078346821616,0.0194332382428506,0.0039078346821616,0.0051327845943668,0.0012425110584701,,0.0728431287425141,0.1671551677345178,0.2040774411617459,0.2258715487485754,0.2313200756452827,0.9494252873563218,0.0,0.0,0.0,0.0,0.0,,,,,,,21,0.0482758620689655,0.9047619047619048,0.1743119266055046,False,21,0.0482758620689655,0.9047619047619048,0.1743119266055046,False,20,0.0459770114942528,0.9,0.1651376146788991,False,18,0.0413793103448275,0.9444444444444444,0.1559633027522936,False,12,0.0275862068965517,0.9166666666666666,0.1009174311926605,False,12,0.0275862068965517,0.9166666666666666,0.1009174311926605,False,11,0.025287356321839,0.9090909090909092,0.091743119266055,False,9,0.0206896551724137,1.0,0.0825688073394495,False,B_development_9_ebicglasso_pairs.csv.gz,
C,development,0,cin,181114264,2231761592,799868683,2744548876,2480587757,150,100,complete,0e846c6445ff4eac87c49db336ba714c86faa12facf8794080155c784c970d7c,,,17.070728003,169.6484375,0.2804169663269978,0.0531313131313131,0.2272856531956846,4950,4950,0,263,70.0,True,3,3,0.9428571428571428,0.0062041038885554,-0.0059551600030822,0.0062041038885554,-0.0059551600030822,0.0010907787126809,-0.0005854317483333,,0.0005005598222769,0.0023156783675082,0.0031303629510427,0.0062273466298036,0.01367028557176,0.0,0.0001272468899938,0.000421121399351,0.0005821748772971,0.0010315686144445,0.0024454576232606,0.0,100.0,0.0,,0.0,,1749,0.3533333333333333,0.0966266437964551,0.6425855513307985,False,31,0.0062626262626262,0.8064516129032258,0.0950570342205323,False,6,0.0012121212121212,1.0,0.0228136882129277,False,0,0.0,,0.0,True,1570,0.3171717171717171,0.1019108280254777,0.6083650190114068,False,31,0.0062626262626262,0.8064516129032258,0.0950570342205323,False,6,0.0012121212121212,1.0,0.0228136882129277,False,0,0.0,,0.0,True,C_development_0_cin_pairs.csv.gz,
C,development,0,cin_linear,181114264,2231761592,799868683,2744548876,2480587757,150,100,complete,0e846c6445ff4eac87c49db336ba714c86faa12facf8794080155c784c970d7c,,,16.077677240000014,170.109375,0.2815754391959407,0.0531313131313131,0.2284441260646276,4950,4950,0,263,70.0,True,3,3,0.9285714285714286,0.0061613896573057,-0.0059018727279614,0.0061613896573057,-0.0059018727279614,0.0010715286338587,-0.0005428667505507,,0.0004873123449247,0.0022822401703213,0.0031481792159199,0.0062034291144003,0.0137942427837426,0.0,7.606869545852987e-05,0.0003756234759915,0.0005376480864082,0.0009999692998145,0.0023538790190513,,,,,,,1842,0.3721212121212121,0.0922909880564603,0.6463878326996197,False,32,0.0064646464646464,0.78125,0.0950570342205323,False,6,0.0012121212121212,1.0,0.0228136882129277,False,0,0.0,,0.0,True,1712,0.3458585858585858,0.0957943925233644,0.623574144486692,False,32,0.0064646464646464,0.78125,0.0950570342205323,False,6,0.0012121212121212,1.0,0.0228136882129277,False,0,0.0,,0.0,True,C_development_0_cin_linear_pairs.csv.gz,
C,development,0,ebicglasso,181114264,2231761592,799868683,2744548876,2480587757,150,100,complete,0e846c6445ff4eac87c49db336ba714c86faa12facf8794080155c784c970d7c,,,39.655138996000005,170.984375,0.0531313131313131,0.0531313131313131,0.0,4950,4950,0,263,70.0,True,0,0,0.0,0.0072869190001547,-0.0072869190001547,0.0072869190001547,-0.0072869190001547,0.0003871635751597,-0.0003871635751597,,,,,,,0.9997979797979798,0.0,0.0,0.0,0.0,0.0,,,,,,,0,0.0,,0.0,True,0,0.0,,0.0,True,0,0.0,,0.0,True,0,0.0,,0.0,True,0,0.0,,0.0,True,0,0.0,,0.0,True,0,0.0,,0.0,True,0,0.0,,0.0,True,C_development_0_ebicglasso_pairs.csv.gz,
C,development,1,cin,2149240790,1482442489,369268147,2156708506,2795931781,150,100,complete,0e846c6445ff4eac87c49db336ba714c86faa12facf8794080155c784c970d7c,,,16.958459293999965,174.734375,0.2884172746075051,0.0531313131313131,0.235285961476192,4950,4950,0,263,64.0,True,3,3,0.875,0.0058760046447771,-0.00567161045902,0.0058760046447771,-0.00567161045902,0.0010654220335915,-0.0005548283278632,,0.0005420950311897,0.0022704275374982,0.0033645638418947,0.0066837243734859,0.0186942739844702,0.0,0.0001351666965896,0.0004731683375672,0.0006876214322752,0.0012082096160786,0.0027474163829661,0.0,100.0,0.0,,0.0,,1758,0.3551515151515151,0.0915813424345847,0.6121673003802282,False,31,0.0062626262626262,0.8387096774193549,0.0988593155893536,False,6,0.0012121212121212,1.0,0.0228136882129277,False,0,0.0,,0.0,True,1553,0.3137373737373737,0.0978750804893754,0.5779467680608364,False,31,0.0062626262626262,0.8387096774193549,0.0988593155893536,False,6,0.0012121212121212,1.0,0.0228136882129277,False,0,0.0,,0.0,True,C_development_1_cin_pairs.csv.gz,
C,development,1,cin_linear,2149240790,1482442489,369268147,2156708506,2795931781,150,100,complete,0e846c6445ff4eac87c49db336ba714c86faa12facf8794080155c784c970d7c,,,16.008571298999982,174.734375,0.2903477578847993,0.0531313131313131,0.2372164447534861,4950,4950,0,263,64.0,True,3,3,0.875,0.0058370748982548,-0.0056202447748261,0.0058370748982548,-0.0056202447748261,0.0010483191404521,-0.0005144560240165,,0.000531986226741,0.0022694923443067,0.0032952677451748,0.0065087609815691,0.0188951264911011,0.0,8.23593381685365e-05,0.0004307632623115,0.0006381714347217,0.001132684081804,0.0027816162300463,,,,,,,1839,0.3715151515151515,0.0902664491571506,0.6311787072243346,False,32,0.0064646464646464,0.84375,0.1026615969581749,False,6,0.0012121212121212,1.0,0.0228136882129277,False,0,0.0,,0.0,True,1710,0.3454545454545454,0.0929824561403508,0.6045627376425855,False,32,0.0064646464646464,0.84375,0.1026615969581749,False,6,0.0012121212121212,1.0,0.0228136882129277,False,0,0.0,,0.0,True,C_development_1_cin_linear_pairs.csv.gz,
C,development,1,ebicglasso,2149240790,1482442489,369268147,2156708506,2795931781,150,100,complete,0e846c6445ff4eac87c49db336ba714c86faa12facf8794080155c784c970d7c,,,32.19202360899999,174.734375,0.0675323577985175,0.0531313131313131,0.0144010446672043,4950,4950,0,263,64.0,True,4,4,0.0625,0.0080395906871768,-0.0054435722348076,0.0080395906871768,-0.0054435722348076,0.0004271540102479,-0.0002892241409604,,0.1270709819873217,0.1490320206606183,0.1502984144912345,0.1513115295557275,0.1515648083218507,0.998989898989899,0.0,0.0,0.0,0.0,0.0,,,,,,,4,0.0008080808080808,1.0,0.0152091254752851,False,4,0.0008080808080808,1.0,0.0152091254752851,False,4,0.0008080808080808,1.0,0.0152091254752851,False,4,0.0008080808080808,1.0,0.0152091254752851,False,4,0.0008080808080808,1.0,0.0152091254752851,False,4,0.0008080808080808,1.0,0.0152091254752851,False,4,0.0008080808080808,1.0,0.0152091254752851,False,4,0.0008080808080808,1.0,0.0152091254752851,False,C_development_1_ebicglasso_pairs.csv.gz,
C,development,2,cin,2258089888,2972228489,1975509115,864582065,3422034908,150,100,complete,0e846c6445ff4eac87c49db336ba714c86faa12facf8794080155c784c970d7c,,,16.838691384000015,175.0703125,0.3226030969924394,0.0531313131313131,0.2694717838611262,4950,4950,0,263,75.0,True,3,3,0.92,0.0064901112840995,-0.0062923331813376,0.0064901112840995,-0.0062923331813376,0.0011084364545546,-0.0006123861789321,,0.0005355910988737,0.0022568539950028,0.0033442022184587,0.0066942407088573,0.0139264535014833,0.0,0.0001266008325945,0.0004117801007305,0.0005471341441175,0.0009530470621971,0.0026247077752038,0.0,100.0,0.0,,0.0,,1747,0.3529292929292929,0.1007441327990841,0.6692015209125475,False,31,0.0062626262626262,0.935483870967742,0.1102661596958174,False,2,0.0004040404040404,1.0,0.0076045627376425,False,0,0.0,,0.0,True,1565,0.3161616161616161,0.1099041533546325,0.6539923954372624,False,31,0.0062626262626262,0.935483870967742,0.1102661596958174,False,2,0.0004040404040404,1.0,0.0076045627376425,False,0,0.0,,0.0,True,C_development_2_cin_pairs.csv.gz,
C,development,2,cin_linear,2258089888,2972228489,1975509115,864582065,3422034908,150,100,complete,0e846c6445ff4eac87c49db336ba714c86faa12facf8794080155c784c970d7c,,,16.001108904999967,175.0703125,0.3239811638368842,0.0531313131313131,0.270849850705571,4950,4950,0,263,75.0,True,3,3,0.92,0.0064452928978245,-0.006236043381942,0.0064452928978245,-0.006236043381942,0.0010916725478537,-0.0005704003070384,,0.0005251913565661,0.0022705989037622,0.0033173267987492,0.0066529471204221,0.0140425900966537,0.0,7.629310278883802e-05,0.0003551743775248,0.0004986734594707,0.0008907512520955,0.0026107249996902,,,,,,,1819,0.3674747474747474,0.0995052226498075,0.688212927756654,False,32,0.0064646464646464,0.9375,0.1140684410646387,False,2,0.0004040404040404,1.0,0.0076045627376425,False,0,0.0,,0.0,True,1709,0.3452525252525252,0.1012287887653598,0.6577946768060836,False,32,0.0064646464646464,0.9375,0.1140684410646387,False,2,0.0004040404040404,1.0,0.0076045627376425,False,0,0.0,,0.0,True,C_development_2_cin_linear_pairs.csv.gz,
C,development,2,ebicglasso,2258089888,2972228489,1975509115,864582065,3422034908,150,100,complete,0e846c6445ff4eac87c49db336ba714c86faa12facf8794080155c784c970d7c,,,33.839040366000006,175.0703125,0.0531313131313131,0.0531313131313131,0.0,4950,4950,0,263,75.0,True,0,0,0.0,0.0077717691418129,-0.0077717691418129,0.0077717691418129,-0.0077717691418129,0.0004129242998579,-0.0004129242998579,,,,,,,0.9997979797979798,0.0,0.0,0.0,0.0,0.0,,,,,,,0,0.0,,0.0,True,0,0.0,,0.0,True,0,0.0,,0.0,True,0,0.0,,0.0,True,0,0.0,,0.0,True,0,0.0,,0.0,True,0,0.0,,0.0,True,0,0.0,,0.0,True,C_development_2_ebicglasso_pairs.csv.gz,
C,development,3,cin,613056333,3488258848,3704558395,362886472,1487313682,150,100,complete,0e846c6445ff4eac87c49db336ba714c86faa12facf8794080155c784c970d7c,,,16.93658504900003,175.17578125,0.2759769398213174,0.0531313131313131,0.2228456266900043,4950,4950,0,263,71.0,True,3,3,0.8873239436619719,0.0066330493167295,-0.0065162600444849,0.0066330493167295,-0.0065162600444849,0.001111751081626,-0.00060906232792,,0.0005239613787161,0.0022096396913422,0.0032498323482041,0.0064991855121573,0.0109083631455219,0.0,0.0001235047897711,0.0003973406752929,0.0005557045331747,0.0009825399027893,0.0024692181515141,0.0,100.0,0.0,,0.0,,1740,0.3515151515151515,0.0890804597701149,0.5893536121673004,False,30,0.006060606060606,0.7333333333333333,0.0836501901140684,False,2,0.0004040404040404,1.0,0.0076045627376425,False,0,0.0,,0.0,True,1563,0.3157575757575757,0.0934101087651951,0.5551330798479087,False,30,0.006060606060606,0.7333333333333333,0.0836501901140684,False,2,0.0004040404040404,1.0,0.0076045627376425,False,0,0.0,,0.0,True,C_development_3_cin_pairs.csv.gz,
C,development,3,cin_linear,613056333,3488258848,3704558395,362886472,1487313682,150,100,complete,0e846c6445ff4eac87c49db336ba714c86faa12facf8794080155c784c970d7c,,,15.825620248000009,175.17578125,0.277925813657436,0.0531313131313131,0.2247945005261228,4950,4950,0,263,71.0,True,3,3,0.9154929577464788,0.0065822879996405,-0.0064593428351426,0.0065822879996405,-0.0064593428351426,0.0010949055961845,-0.0005683111547236,,0.0005177895640237,0.0021812800431705,0.0032500929049415,0.0064627139485293,0.0110869693402096,0.0,7.133471714122674e-05,0.0003490170827632,0.0005107144905362,0.0009094693556153,0.0021543437094958,,,,,,,1829,0.3694949494949495,0.0874794969928922,0.6083650190114068,False,30,0.006060606060606,0.7333333333333333,0.0836501901140684,False,2,0.0004040404040404,1.0,0.0076045627376425,False,0,0.0,,0.0,True,1714,0.3462626262626262,0.0898483080513418,0.5855513307984791,False,30,0.006060606060606,0.7333333333333333,0.0836501901140684,False,2,0.0004040404040404,1.0,0.0076045627376425,False,0,0.0,,0.0,True,C_development_3_cin_linear_pairs.csv.gz,
C,development,3,ebicglasso,613056333,3488258848,3704558395,362886472,1487313682,150,100,complete,0e846c6445ff4eac87c49db336ba714c86faa12facf8794080155c784c970d7c,,,48.921853811000005,175.17578125,0.0531313131313131,0.0531313131313131,0.0,4950,4950,0,263,71.0,True,0,0,0.0,0.0077067685364151,-0.0077067685364151,0.0077067685364151,-0.0077067685364151,0.0004094707323388,-0.0004094707323388,,,,,,,0.9997979797979798,0.0,0.0,0.0,0.0,0.0,,,,,,,0,0.0,,0.0,True,0,0.0,,0.0,True,0,0.0,,0.0,True,0,0.0,,0.0,True,0,0.0,,0.0,True,0,0.0,,0.0,True,0,0.0,,0.0,True,0,0.0,,0.0,True,C_development_3_ebicglasso_pairs.csv.gz,
C,development,4,cin,3095007270,1454216547,1659996034,3730565533,848098673,150,100,complete,0e846c6445ff4eac87c49db336ba714c86faa12facf8794080155c784c970d7c,,,16.766024724999966,175.30078125,0.2399623542042256,0.0531313131313131,0.1868310410729124,4950,4950,0,263,71.0,True,3,3,0.9295774647887324,0.0060150880553406,-0.0058874102416736,0.0060150880553406,-0.0058874102416736,0.0010805688985528,-0.0005891467190555,,0.0004917469645601,0.0022376054758998,0.0032240322385382,0.0068430038001801,0.0147023878872521,0.0,0.0001401713962073,0.0004614387845316,0.0006484388315517,0.0012270664682091,0.0029481607076766,0.0,100.0,0.0,,0.0,,1701,0.3436363636363636,0.0911228689006466,0.5893536121673004,False,33,0.0066666666666666,0.7272727272727273,0.091254752851711,False,6,0.0012121212121212,1.0,0.0228136882129277,False,0,0.0,,0.0,True,1502,0.3034343434343434,0.0985352862849534,0.5627376425855514,False,33,0.0066666666666666,0.7272727272727273,0.091254752851711,False,6,0.0012121212121212,1.0,0.0228136882129277,False,0,0.0,,0.0,True,C_development_4_cin_pairs.csv.gz,
C,development,4,cin_linear,3095007270,1454216547,1659996034,3730565533,848098673,150,100,complete,0e846c6445ff4eac87c49db336ba714c86faa12facf8794080155c784c970d7c,,,15.848023050000052,175.30078125,0.2403324021311683,0.0531313131313131,0.1872010889998552,4950,4950,0,263,71.0,True,3,3,0.9577464788732394,0.0059709608153668,-0.0058354816097631,0.0059709608153668,-0.0058354816097631,0.001061106983348,-0.000547552030229,,0.0004750568572444,0.0021900741639032,0.0032038725810806,0.006770151042848,0.0148003761165618,0.0,8.222461529558222e-05,0.0004036756263945,0.0006076667327121,0.0011092860955996,0.0029465586540521,,,,,,,1801,0.3638383838383838,0.0910605219322598,0.623574144486692,False,33,0.0066666666666666,0.7272727272727273,0.091254752851711,False,6,0.0012121212121212,1.0,0.0228136882129277,False,0,0.0,,0.0,True,1651,0.3335353535353535,0.0938824954572986,0.5893536121673004,False,33,0.0066666666666666,0.7272727272727273,0.091254752851711,False,6,0.0012121212121212,1.0,0.0228136882129277,False,0,0.0,,0.0,True,C_development_4_cin_linear_pairs.csv.gz,
C,development,4,ebicglasso,3095007270,1454216547,1659996034,3730565533,848098673,150,100,complete,0e846c6445ff4eac87c49db336ba714c86faa12facf8794080155c784c970d7c,,,41.22655302600003,175.30078125,0.0531313131313131,0.0531313131313131,0.0,4950,4950,0,263,71.0,True,0,0,0.0,0.0070850123497656,-0.0070850123497656,0.0070850123497656,-0.0070850123497656,0.0003764360096946,-0.0003764360096946,,,,,,,0.9997979797979798,0.0,0.0,0.0,0.0,0.0,,,,,,,0,0.0,,0.0,True,0,0.0,,0.0,True,0,0.0,,0.0,True,0,0.0,,0.0,True,0,0.0,,0.0,True,0,0.0,,0.0,True,0,0.0,,0.0,True,0,0.0,,0.0,True,C_development_4_ebicglasso_pairs.csv.gz,
C,development,5,cin,996389689,4149153536,53646317,2292798789,1173706676,150,100,complete,0e846c6445ff4eac87c49db336ba714c86faa12facf8794080155c784c970d7c,,,16.87180399700003,175.55078125,0.2429413068595755,0.0531313131313131,0.1898099937282624,4950,4950,0,263,61.0,True,3,3,0.8524590163934426,0.0051488840386042,-0.0047937803300368,0.0051488840386042,-0.0047937803300368,0.0010032184794612,-0.0004729656340987,,0.0005309518582057,0.0022491191957069,0.0032312276974782,0.0057903472819198,0.0171763872360986,0.0,0.0001282702096469,0.000416382286764,0.0005747378001079,0.0010981960821105,0.003757623741538,0.0,100.0,0.0,,0.0,,1750,0.3535353535353535,0.0891428571428571,0.5931558935361216,False,25,0.005050505050505,0.8,0.0760456273764258,False,2,0.0004040404040404,1.0,0.0076045627376425,False,0,0.0,,0.0,True,1565,0.3161616161616161,0.0958466453674121,0.5703422053231939,False,25,0.005050505050505,0.8,0.0760456273764258,False,2,0.0004040404040404,1.0,0.0076045627376425,False,0,0.0,,0.0,True,C_development_5_cin_pairs.csv.gz,
C,development,5,cin_linear,996389689,4149153536,53646317,2292798789,1173706676,150,100,complete,0e846c6445ff4eac87c49db336ba714c86faa12facf8794080155c784c970d7c,,,15.875830766000036,175.55078125,0.2421395583310418,0.0531313131313131,0.1890082451997286,4950,4950,0,263,61.0,True,3,3,0.8688524590163934,0.0051149216863474,-0.0047469771688735,0.0051149216863474,-0.0047469771688735,0.0009863758515166,-0.000431665633437,,0.0005346519947536,0.0022583546767607,0.0032298431763086,0.0057896496939068,0.0173418581943643,0.0,7.754815610765188e-05,0.0003608593393184,0.0005382996438583,0.0010707879815933,0.0037918281939023,,,,,,,1821,0.3678787878787878,0.0845689181768259,0.5855513307984791,False,26,0.0052525252525252,0.8076923076923077,0.0798479087452471,False,2,0.0004040404040404,1.0,0.0076045627376425,False,0,0.0,,0.0,True,1711,0.3456565656565656,0.0870835768556399,0.5665399239543726,False,26,0.0052525252525252,0.8076923076923077,0.0798479087452471,False,2,0.0004040404040404,1.0,0.0076045627376425,False,0,0.0,,0.0,True,C_development_5_cin_linear_pairs.csv.gz,
C,development,5,ebicglasso,996389689,4149153536,53646317,2292798789,1173706676,150,100,complete,0e846c6445ff4eac87c49db336ba714c86faa12facf8794080155c784c970d7c,,,30.39396217000001,175.55078125,0.0531313131313131,0.0531313131313131,0.0,4950,4950,0,263,61.0,True,0,0,0.0,0.00590984675583,-0.00590984675583,0.00590984675583,-0.00590984675583,0.000313997918542,-0.000313997918542,,,,,,,0.9997979797979798,0.0,0.0,0.0,0.0,0.0,,,,,,,0,0.0,,0.0,True,0,0.0,,0.0,True,0,0.0,,0.0,True,0,0.0,,0.0,True,0,0.0,,0.0,True,0,0.0,,0.0,True,0,0.0,,0.0,True,0,0.0,,0.0,True,C_development_5_ebicglasso_pairs.csv.gz,
C,development,6,cin,3661151658,3142150561,2755224140,1391743876,175994138,150,100,complete,0e846c6445ff4eac87c49db336ba714c86faa12facf8794080155c784c970d7c,,,16.725837522999996,175.55078125,0.344960049959896,0.0531313131313131,0.2918287368285829,4950,4950,0,263,83.0,True,3,3,0.891566265060241,0.0069968030102099,-0.0067594028217183,0.0069968030102099,-0.0067594028217183,0.0011354399871874,-0.0006229853271691,,0.000523864981512,0.002439483457277,0.0035202157223696,0.0073326420128634,0.0178931597848666,0.0,0.0001319369053307,0.0004409251104884,0.000612488996623,0.0010470208718903,0.0026813267654378,0.0,100.0,0.0,,0.0,,1784,0.3604040404040404,0.0969730941704035,0.6577946768060836,False,45,0.009090909090909,0.8222222222222222,0.1406844106463878,False,6,0.0012121212121212,1.0,0.0228136882129277,False,0,0.0,,0.0,True,1589,0.321010101010101,0.105726872246696,0.6387832699619772,False,45,0.009090909090909,0.8222222222222222,0.1406844106463878,False,6,0.0012121212121212,1.0,0.0228136882129277,False,0,0.0,,0.0,True,C_development_6_cin_pairs.csv.gz,
C,development,6,cin_linear,3661151658,3142150561,2755224140,1391743876,175994138,150,100,complete,0e846c6445ff4eac87c49db336ba714c86faa12facf8794080155c784c970d7c,,,15.840263456999992,175.55078125,0.3449042976493925,0.0531313131313131,0.2917729845180794,4950,4950,0,263,83.0,True,3,3,0.891566265060241,0.0069519167287154,-0.0067072860835171,0.0069519167287154,-0.0067072860835171,0.0011166608604673,-0.000580632427759,,0.0005229412143338,0.0023941858811624,0.0035310729552944,0.0072737560741842,0.0179321007563917,0.0,8.186700800294716e-05,0.000381361746531,0.0005636578828718,0.0010153452701909,0.0025448485334009,,,,,,,1865,0.3767676767676767,0.0943699731903485,0.6692015209125475,False,47,0.0094949494949494,0.8085106382978723,0.1444866920152091,False,6,0.0012121212121212,1.0,0.0228136882129277,False,0,0.0,,0.0,True,1741,0.3517171717171717,0.0982194141298104,0.6501901140684411,False,47,0.0094949494949494,0.8085106382978723,0.1444866920152091,False,6,0.0012121212121212,1.0,0.0228136882129277,False,0,0.0,,0.0,True,C_development_6_cin_linear_pairs.csv.gz,
C,development,6,ebicglasso,3661151658,3142150561,2755224140,1391743876,175994138,150,100,complete,0e846c6445ff4eac87c49db336ba714c86faa12facf8794080155c784c970d7c,,,48.24195801199994,175.55078125,0.0531313131313131,0.0531313131313131,0.0,4950,4950,0,263,83.0,True,0,0,0.0,0.0085244013880473,-0.0085244013880473,0.0085244013880473,-0.0085244013880473,0.0004529126394053,-0.0004529126394053,,,,,,,0.9997979797979798,0.0,0.0,0.0,0.0,0.0,,,,,,,0,0.0,,0.0,True,0,0.0,,0.0,True,0,0.0,,0.0,True,0,0.0,,0.0,True,0,0.0,,0.0,True,0,0.0,,0.0,True,0,0.0,,0.0,True,0,0.0,,0.0,True,C_development_6_ebicglasso_pairs.csv.gz,
C,development,7,cin,3934529994,2382568479,1265399589,416526087,2773644585,150,100,complete,0e846c6445ff4eac87c49db336ba714c86faa12facf8794080155c784c970d7c,,,16.887097619999963,175.55078125,0.3078751891319049,0.0531313131313131,0.2547438760005918,4950,4950,0,263,71.0,True,3,3,0.9014084507042254,0.0067093682964998,-0.0066239275416314,0.0067093682964998,-0.0066239275416314,0.0011272940466054,-0.0006136958078306,,0.0005465534719381,0.0023989258942737,0.0032900342589609,0.0054422704468834,0.010312117690638,0.0,0.0001275656294522,0.000403657508705,0.0005683451310249,0.0010362307767276,0.0032726375617206,0.0,100.0,0.0,,0.0,,1765,0.3565656565656566,0.1025495750708215,0.688212927756654,False,25,0.005050505050505,0.88,0.0836501901140684,False,1,0.0002020202020202,1.0,0.0038022813688212,False,0,0.0,,0.0,True,1581,0.3193939393939394,0.1094244149272612,0.6577946768060836,False,25,0.005050505050505,0.88,0.0836501901140684,False,1,0.0002020202020202,1.0,0.0038022813688212,False,0,0.0,,0.0,True,C_development_7_cin_pairs.csv.gz,
C,development,7,cin_linear,3934529994,2382568479,1265399589,416526087,2773644585,150,100,complete,0e846c6445ff4eac87c49db336ba714c86faa12facf8794080155c784c970d7c,,,15.90018059099998,175.55078125,0.3094363884911245,0.0531313131313131,0.2563050753598114,4950,4950,0,263,71.0,True,3,3,0.9154929577464788,0.0066732332302849,-0.0065792486805084,0.0066732332302849,-0.0065792486805084,0.0011068222103391,-0.0005714461064704,,0.0005397370867414,0.002415894705777,0.0033003501206995,0.0054992869244019,0.0105560462913465,0.0,7.444097444852526e-05,0.0003539727300801,0.0005289307239452,0.0009983313435871,0.0030447835518281,,,,,,,1837,0.3711111111111111,0.1007076755579749,0.7034220532319392,False,25,0.005050505050505,0.88,0.0836501901140684,False,1,0.0002020202020202,1.0,0.0038022813688212,False,0,0.0,,0.0,True,1725,0.3484848484848485,0.1037681159420289,0.6806083650190115,False,25,0.005050505050505,0.88,0.0836501901140684,False,1,0.0002020202020202,1.0,0.0038022813688212,False,0,0.0,,0.0,True,C_development_7_cin_linear_pairs.csv.gz,
C,development,7,ebicglasso,3934529994,2382568479,1265399589,416526087,2773644585,150,100,complete,0e846c6445ff4eac87c49db336ba714c86faa12facf8794080155c784c970d7c,,,52.758670706999965,175.55078125,0.0531313131313131,0.0531313131313131,0.0,4950,4950,0,263,71.0,True,0,0,0.0,0.0080214892637934,-0.0080214892637934,0.0080214892637934,-0.0080214892637934,0.000426192257854,-0.000426192257854,,,,,,,0.9997979797979798,0.0,0.0,0.0,0.0,0.0,,,,,,,0,0.0,,0.0,True,0,0.0,,0.0,True,0,0.0,,0.0,True,0,0.0,,0.0,True,0,0.0,,0.0,True,0,0.0,,0.0,True,0,0.0,,0.0,True,0,0.0,,0.0,True,C_development_7_ebicglasso_pairs.csv.gz,
C,development,8,cin,3283947198,2878907169,681379547,2746142532,2496154327,150,100,complete,0e846c6445ff4eac87c49db336ba714c86faa12facf8794080155c784c970d7c,,,16.79302906800001,175.55078125,0.3066288640027016,0.0531313131313131,0.2534975508713885,4950,4950,0,263,74.0,True,3,3,0.918918918918919,0.0063425966822843,-0.0061658973813077,0.0063425966822843,-0.0061658973813077,0.0011005375072211,-0.0005903198353264,,0.0004939802381336,0.0024286613636732,0.0034239845523837,0.0072233350772226,0.0150064816866487,0.0,0.0001351445782813,0.0004450443517271,0.0006200843906577,0.0011187272091857,0.0028161163592571,0.0,100.0,0.0,,0.0,,1761,0.3557575757575758,0.0982396365701306,0.6577946768060836,False,34,0.0068686868686868,0.8235294117647058,0.1064638783269961,False,9,0.0018181818181818,1.0,0.0342205323193916,False,0,0.0,,0.0,True,1546,0.3123232323232323,0.1080206985769728,0.6349809885931559,False,34,0.0068686868686868,0.8235294117647058,0.1064638783269961,False,9,0.0018181818181818,1.0,0.0342205323193916,False,0,0.0,,0.0,True,C_development_8_cin_pairs.csv.gz,
C,development,8,cin_linear,3283947198,2878907169,681379547,2746142532,2496154327,150,100,complete,0e846c6445ff4eac87c49db336ba714c86faa12facf8794080155c784c970d7c,,,15.765368512000007,175.55078125,0.3078919713541621,0.0531313131313131,0.254760658222849,4950,4950,0,263,74.0,True,3,3,0.918918918918919,0.0062978450063093,-0.0061136942427292,0.0062978450063093,-0.0061136942427292,0.0010818185218504,-0.0005497994758843,,0.0004777826009418,0.0024209976666545,0.0035047360060107,0.0072026953868189,0.0151192869800382,0.0,7.973580206597881e-05,0.0004021894311712,0.0005835020997092,0.0010705420718829,0.0027973249975545,,,,,,,1830,0.3696969696969697,0.0972677595628415,0.6768060836501901,False,35,0.007070707070707,0.8,0.1064638783269961,False,10,0.002020202020202,1.0,0.0380228136882129,False,0,0.0,,0.0,True,1692,0.3418181818181818,0.101063829787234,0.6501901140684411,False,35,0.007070707070707,0.8,0.1064638783269961,False,10,0.002020202020202,1.0,0.0380228136882129,False,0,0.0,,0.0,True,C_development_8_cin_linear_pairs.csv.gz,
C,development,8,ebicglasso,3283947198,2878907169,681379547,2746142532,2496154327,150,100,complete,0e846c6445ff4eac87c49db336ba714c86faa12facf8794080155c784c970d7c,,,34.17625181300002,175.55078125,0.0531313131313131,0.0531313131313131,0.0,4950,4950,0,263,74.0,True,0,0,0.0,0.0077690647096523,-0.0077690647096523,0.0077690647096523,-0.0077690647096523,0.0004127806098259,-0.0004127806098259,,,,,,,0.9997979797979798,0.0,0.0,0.0,0.0,0.0,,,,,,,0,0.0,,0.0,True,0,0.0,,0.0,True,0,0.0,,0.0,True,0,0.0,,0.0,True,0,0.0,,0.0,True,0,0.0,,0.0,True,0,0.0,,0.0,True,0,0.0,,0.0,True,C_development_8_ebicglasso_pairs.csv.gz,
C,development,9,cin,3224995840,1421278905,1888751414,3071595571,3235570744,150,100,complete,0e846c6445ff4eac87c49db336ba714c86faa12facf8794080155c784c970d7c,,,16.799021586000094,175.97265625,0.2413850162288887,0.0531313131313131,0.1882537030975756,4950,4950,0,263,72.0,True,3,3,0.8888888888888888,0.0061055331024798,-0.0060327983781994,0.0061055331024798,-0.0060327983781994,0.0010691193166536,-0.0005620480792278,,0.0005216631517123,0.0020365575485909,0.0029719835638771,0.0049209905091123,0.0108037815245023,0.0,0.0001255974994597,0.0004083339278021,0.0005735498963669,0.0010312093072572,0.0024718072484936,0.0,100.0,0.0,,0.0,,1823,0.3682828282828282,0.0932528798683488,0.6463878326996197,False,18,0.0036363636363636,0.7777777777777778,0.053231939163498,False,1,0.0002020202020202,1.0,0.0038022813688212,False,0,0.0,,0.0,True,1617,0.3266666666666666,0.1001855287569573,0.6159695817490495,False,18,0.0036363636363636,0.7777777777777778,0.053231939163498,False,1,0.0002020202020202,1.0,0.0038022813688212,False,0,0.0,,0.0,True,C_development_9_cin_pairs.csv.gz,
C,development,9,cin_linear,3224995840,1421278905,1888751414,3071595571,3235570744,150,100,complete,0e846c6445ff4eac87c49db336ba714c86faa12facf8794080155c784c970d7c,,,15.78922155700002,175.97265625,0.2422586481983628,0.0531313131313131,0.1891273350670496,4950,4950,0,263,72.0,True,3,3,0.875,0.0060665601688747,-0.0059824775044734,0.0060665601688747,-0.0059824775044734,0.0010511415513388,-0.0005206895019841,,0.0005215619129487,0.0020756071319419,0.0030243266863809,0.0049920325812221,0.0109872729549612,0.0,7.517721777865327e-05,0.000361567983033,0.0005235390717136,0.0009656789325522,0.0023604103623507,,,,,,,1884,0.3806060606060606,0.0902335456475583,0.6463878326996197,False,18,0.0036363636363636,0.7777777777777778,0.053231939163498,False,1,0.0002020202020202,1.0,0.0038022813688212,False,0,0.0,,0.0,True,1766,0.3567676767676768,0.094563986409966,0.6349809885931559,False,18,0.0036363636363636,0.7777777777777778,0.053231939163498,False,1,0.0002020202020202,1.0,0.0038022813688212,False,0,0.0,,0.0,True,C_development_9_cin_linear_pairs.csv.gz,
C,development,9,ebicglasso,3224995840,1421278905,1888751414,3071595571,3235570744,150,100,complete,0e846c6445ff4eac87c49db336ba714c86faa12facf8794080155c784c970d7c,,,55.77246245299989,175.97265625,0.0531313131313131,0.0531313131313131,0.0,4950,4950,0,263,72.0,True,0,0,0.0,0.0070266663605633,-0.0070266663605633,0.0070266663605633,-0.0070266663605633,0.0003733360106723,-0.0003733360106723,,,,,,,0.9997979797979798,0.0,0.0,0.0,0.0,0.0,,,,,,,0,0.0,,0.0,True,0,0.0,,0.0,True,0,0.0,,0.0,True,0,0.0,,0.0,True,0,0.0,,0.0,True,0,0.0,,0.0,True,0,0.0,,0.0,True,0,0.0,,0.0,True,C_development_9_ebicglasso_pairs.csv.gz,
D,development,0,cin,4218215934,104051035,602033943,925102163,3418352856,200,30,complete,0e846c6445ff4eac87c49db336ba714c86faa12facf8794080155c784c970d7c,,,1.900463583000004,161.0859375,0.6610179228442918,0.2505747126436781,0.4104432102006137,435,435,0,109,37.0,True,4,4,0.972972972972973,0.0076109813825859,-0.006986044655012,0.0076109813825859,-0.006986044655012,0.0027208538501853,-0.002088466117653,,0.0011383831054912,0.0081388904144784,0.0134350159832231,0.025791709986966,0.0366814383158944,0.0,0.0006069129612432,0.0053699979236249,0.0078761177720841,0.0164967123495244,0.020377819096791,0.0,30.0,0.0,,0.0,,182,0.4183908045977011,0.4230769230769231,0.7064220183486238,False,29,0.0666666666666666,1.0,0.2660550458715596,False,15,0.0344827586206896,1.0,0.1376146788990825,False,5,0.0114942528735632,1.0,0.0458715596330275,False,152,0.3494252873563218,0.4473684210526316,0.6238532110091743,False,29,0.0666666666666666,1.0,0.2660550458715596,False,15,0.0344827586206896,1.0,0.1376146788990825,False,5,0.0114942528735632,1.0,0.0458715596330275,False,D_development_0_cin_pairs.csv.gz,
D,development,0,cin_linear,4218215934,104051035,602033943,925102163,3418352856,200,30,complete,0e846c6445ff4eac87c49db336ba714c86faa12facf8794080155c784c970d7c,,,1.59067568399999,161.3515625,0.6662128061760139,0.2505747126436781,0.4156380935323357,435,435,0,109,37.0,True,4,4,0.945945945945946,0.0071067030363189,-0.0061035557933191,0.0071067030363189,-0.0061035557933191,0.0027567052352393,-0.0019514786296009,,0.001225552958074,0.0111324193682171,0.0145510039056121,0.0346494439396722,0.03754412001398,0.0,0.000992746103476,0.0052594603859074,0.0071431049862073,0.0140310249710672,0.0199347186393063,,,,,,,184,0.4229885057471264,0.4076086956521739,0.6880733944954128,False,36,0.0827586206896551,0.9444444444444444,0.3119266055045872,False,22,0.0505747126436781,1.0,0.2018348623853211,False,6,0.0137931034482758,1.0,0.055045871559633,False,147,0.3379310344827586,0.4421768707482993,0.5963302752293578,False,36,0.0827586206896551,0.9444444444444444,0.3119266055045872,False,22,0.0505747126436781,1.0,0.2018348623853211,False,6,0.0137931034482758,1.0,0.055045871559633,False,D_development_0_cin_linear_pairs.csv.gz,
D,development,0,ebicglasso,4218215934,104051035,602033943,925102163,3418352856,200,30,complete,0e846c6445ff4eac87c49db336ba714c86faa12facf8794080155c784c970d7c,,,6.063718029,162.1015625,0.2849520194031424,0.2505747126436781,0.0343773067594643,435,435,0,109,37.0,True,4,4,0.1351351351351351,0.0148167979682634,-0.0039943869934196,0.0148167979682634,-0.0039943869934196,0.003712714893197,-0.0010008923730637,,0.1633147734029065,0.2336727928584165,0.2375288976380509,0.2406137814617585,0.2413850024176853,0.986206896551724,0.0,0.0,0.0,0.0,0.0,,,,,,,5,0.0114942528735632,1.0,0.0458715596330275,False,5,0.0114942528735632,1.0,0.0458715596330275,False,5,0.0114942528735632,1.0,0.0458715596330275,False,5,0.0114942528735632,1.0,0.0458715596330275,False,3,0.0068965517241379,1.0,0.0275229357798165,False,3,0.0068965517241379,1.0,0.0275229357798165,False,3,0.0068965517241379,1.0,0.0275229357798165,False,3,0.0068965517241379,1.0,0.0275229357798165,False,D_development_0_ebicglasso_pairs.csv.gz,
D,development,1,cin,1654990446,985181893,280882573,2056240515,1933217965,200,30,complete,0e846c6445ff4eac87c49db336ba714c86faa12facf8794080155c784c970d7c,,,1.8815211850000253,162.2265625,0.6679875585706744,0.2505747126436781,0.4174128459269962,435,435,0,109,30.0,True,4,4,0.9333333333333332,0.0087220849702575,-0.0080131995791826,0.0087220849702575,-0.0080131995791826,0.0029762500322938,-0.0022216766134693,,0.0010933080980411,0.009327397012525,0.0158470631528419,0.0344979929565821,0.0428108911484885,0.0,0.0003257469594198,0.0048619359694553,0.0080799885745227,0.0191660230357119,0.0489153417361425,0.0,30.0,0.0,,0.0,,203,0.4666666666666667,0.3891625615763547,0.7247706422018348,False,32,0.0735632183908046,0.96875,0.2844036697247706,False,19,0.0436781609195402,1.0,0.1743119266055046,False,7,0.0160919540229885,1.0,0.0642201834862385,False,172,0.3954022988505747,0.4244186046511627,0.6697247706422018,False,31,0.0712643678160919,0.967741935483871,0.2752293577981651,False,19,0.0436781609195402,1.0,0.1743119266055046,False,7,0.0160919540229885,1.0,0.0642201834862385,False,D_development_1_cin_pairs.csv.gz,
D,development,1,cin_linear,1654990446,985181893,280882573,2056240515,1933217965,200,30,complete,0e846c6445ff4eac87c49db336ba714c86faa12facf8794080155c784c970d7c,,,1.5969371690000005,162.2265625,0.6727020437367379,0.2505747126436781,0.4221273310930598,435,435,0,109,30.0,True,4,4,0.9666666666666668,0.0083432185272832,-0.0076199223532698,0.0083432185272832,-0.0076199223532698,0.0029089526934042,-0.0021202356744244,,0.0011697410058894,0.0096250103530491,0.0164150777410193,0.0373390333873629,0.0481878038525648,0.0,0.0003345353038289,0.0048004372904049,0.0077061230409325,0.0194572415669542,0.050391277848462,,,,,,,204,0.4689655172413793,0.392156862745098,0.7339449541284404,False,35,0.0804597701149425,0.9428571428571428,0.3027522935779816,False,20,0.0459770114942528,1.0,0.1834862385321101,False,7,0.0160919540229885,1.0,0.0642201834862385,False,183,0.4206896551724138,0.4098360655737705,0.6880733944954128,False,35,0.0804597701149425,0.9428571428571428,0.3027522935779816,False,20,0.0459770114942528,1.0,0.1834862385321101,False,7,0.0160919540229885,1.0,0.0642201834862385,False,D_development_1_cin_linear_pairs.csv.gz,
D,development,1,ebicglasso,1654990446,985181893,280882573,2056240515,1933217965,200,30,complete,0e846c6445ff4eac87c49db336ba714c86faa12facf8794080155c784c970d7c,,,9.067221028000006,162.3515625,0.2505747126436781,0.2505747126436781,0.0,435,435,0,109,30.0,True,0,0,0.0,0.0128498220515322,-0.0128498220515322,0.0128498220515322,-0.0128498220515322,0.003219840468085,-0.003219840468085,,,,,,,0.9977011494252872,0.0,0.0,0.0,0.0,0.0,,,,,,,0,0.0,,0.0,True,0,0.0,,0.0,True,0,0.0,,0.0,True,0,0.0,,0.0,True,0,0.0,,0.0,True,0,0.0,,0.0,True,0,0.0,,0.0,True,0,0.0,,0.0,True,D_development_1_ebicglasso_pairs.csv.gz,
D,development,2,cin,3660972612,1905026528,459626466,3148757987,3630620544,200,30,complete,0e846c6445ff4eac87c49db336ba714c86faa12facf8794080155c784c970d7c,,,1.8747978680000017,162.3515625,0.6294636798590005,0.2505747126436781,0.3788889672153224,435,435,0,109,33.0,True,4,4,0.9393939393939394,0.0067096133492636,-0.0064650309272054,0.0067096133492636,-0.0064650309272054,0.0022943371064564,-0.0018656169013303,,0.000629570220028,0.0054893130113268,0.0119178460889654,0.0180069787040841,0.0224644982828954,0.0,0.0001767108135189,0.002506789391107,0.0042050676888278,0.0126865994497064,0.0251778305065342,0.0,30.0,0.0,,0.0,,192,0.4413793103448276,0.375,0.6605504587155964,False,20,0.0459770114942528,1.0,0.1834862385321101,False,12,0.0275862068965517,1.0,0.110091743119266,False,2,0.0045977011494252,1.0,0.018348623853211,False,167,0.3839080459770115,0.4071856287425149,0.6238532110091743,False,20,0.0459770114942528,1.0,0.1834862385321101,False,12,0.0275862068965517,1.0,0.110091743119266,False,2,0.0045977011494252,1.0,0.018348623853211,False,D_development_2_cin_pairs.csv.gz,
D,development,2,cin_linear,3660972612,1905026528,459626466,3148757987,3630620544,200,30,complete,0e846c6445ff4eac87c49db336ba714c86faa12facf8794080155c784c970d7c,,,1.5845709800000236,162.3515625,0.6410377766722231,0.2505747126436781,0.3904630640285449,435,435,0,109,33.0,True,4,4,0.9393939393939394,0.0066765439013053,-0.0061836192865368,0.0066765439013053,-0.0061836192865368,0.0023111223598429,-0.0018140647481274,,0.0006479556960075,0.0056359651526092,0.012081515863055,0.0215497845350072,0.0232945751552574,0.0,0.0001535833641865,0.0032354727577346,0.0053662051139366,0.0135461185442137,0.0237065015662278,,,,,,,185,0.425287356321839,0.4,0.6788990825688074,False,20,0.0459770114942528,1.0,0.1834862385321101,False,13,0.0298850574712643,1.0,0.1192660550458715,False,3,0.0068965517241379,1.0,0.0275229357798165,False,170,0.3908045977011494,0.4176470588235294,0.6513761467889908,False,20,0.0459770114942528,1.0,0.1834862385321101,False,13,0.0298850574712643,1.0,0.1192660550458715,False,3,0.0068965517241379,1.0,0.0275229357798165,False,D_development_2_cin_linear_pairs.csv.gz,
D,development,2,ebicglasso,3660972612,1905026528,459626466,3148757987,3630620544,200,30,complete,0e846c6445ff4eac87c49db336ba714c86faa12facf8794080155c784c970d7c,,,4.394740141999989,162.4765625,0.2505747126436781,0.2505747126436781,0.0,435,435,0,109,33.0,True,0,0,0.0,0.0091795615780939,-0.0091795615780939,0.0091795615780939,-0.0091795615780939,0.0023001660046258,-0.0023001660046258,,,,,,,0.9977011494252872,0.0,0.0,0.0,0.0,0.0,,,,,,,0,0.0,,0.0,True,0,0.0,,0.0,True,0,0.0,,0.0,True,0,0.0,,0.0,True,0,0.0,,0.0,True,0,0.0,,0.0,True,0,0.0,,0.0,True,0,0.0,,0.0,True,D_development_2_ebicglasso_pairs.csv.gz,
D,development,3,cin,107812983,3844892195,1354767103,1944321679,3473878542,200,30,complete,0e846c6445ff4eac87c49db336ba714c86faa12facf8794080155c784c970d7c,,,1.882145821999984,162.4765625,0.58195409228327,0.2505747126436781,0.3313793796395918,435,435,0,109,30.0,True,4,4,1.0,0.0070271765945649,-0.0065796949903079,0.0070271765945649,-0.0065796949903079,0.0023880081079586,-0.0018314500275348,,0.0006728907569356,0.0038280245989666,0.0082470230101833,0.0170695904796356,0.0313153775143826,0.0,0.0001580660130151,0.0026714030942313,0.005281260271422,0.0118609197683064,0.025659993545897,0.0,30.0,0.0,,0.0,,198,0.4551724137931034,0.3686868686868687,0.6697247706422018,False,16,0.0367816091954023,1.0,0.146788990825688,False,5,0.0114942528735632,1.0,0.0458715596330275,False,2,0.0045977011494252,1.0,0.018348623853211,False,177,0.4068965517241379,0.3898305084745763,0.6330275229357798,False,16,0.0367816091954023,1.0,0.146788990825688,False,5,0.0114942528735632,1.0,0.0458715596330275,False,2,0.0045977011494252,1.0,0.018348623853211,False,D_development_3_cin_pairs.csv.gz,
D,development,3,cin_linear,107812983,3844892195,1354767103,1944321679,3473878542,200,30,complete,0e846c6445ff4eac87c49db336ba714c86faa12facf8794080155c784c970d7c,,,1.5850262419999694,162.4765625,0.5831288086153652,0.2505747126436781,0.332554095971687,435,435,0,109,30.0,True,4,4,1.0,0.006838178712616,-0.0063529353097357,0.006838178712616,-0.0063529353097357,0.0023370020850984,-0.001748683180518,,0.0007556470566316,0.0036763145189084,0.0088261822131569,0.0179946013781357,0.0366884789256043,0.0,0.0001379752801496,0.0027972652997649,0.0049635674509,0.0105227802101111,0.0269340047223218,,,,,,,204,0.4689655172413793,0.3627450980392157,0.6788990825688074,False,17,0.0390804597701149,1.0,0.1559633027522936,False,6,0.0137931034482758,1.0,0.055045871559633,False,2,0.0045977011494252,1.0,0.018348623853211,False,188,0.432183908045977,0.3723404255319149,0.6422018348623854,False,17,0.0390804597701149,1.0,0.1559633027522936,False,6,0.0137931034482758,1.0,0.055045871559633,False,2,0.0045977011494252,1.0,0.018348623853211,False,D_development_3_cin_linear_pairs.csv.gz,
D,development,3,ebicglasso,107812983,3844892195,1354767103,1944321679,3473878542,200,30,complete,0e846c6445ff4eac87c49db336ba714c86faa12facf8794080155c784c970d7c,,,8.266505461000008,162.4765625,0.3124538648107139,0.2505747126436781,0.0618791521670357,435,435,0,109,30.0,True,4,4,0.2333333333333333,0.014284065033617,-5.554417356687228e-05,0.014284065033617,-5.554417356687228e-05,0.0035792254911821,-1.3917965330549412e-05,,0.1197047844620387,0.1881493271298112,0.2347068158479795,0.2719528068225143,0.281264304566148,0.9770114942528736,0.0,0.0,0.0,0.0,0.0,,,,,,,9,0.0206896551724137,1.0,0.0825688073394495,False,9,0.0206896551724137,1.0,0.0825688073394495,False,9,0.0206896551724137,1.0,0.0825688073394495,False,7,0.0160919540229885,1.0,0.0642201834862385,False,2,0.0045977011494252,1.0,0.018348623853211,False,2,0.0045977011494252,1.0,0.018348623853211,False,2,0.0045977011494252,1.0,0.018348623853211,False,2,0.0045977011494252,1.0,0.018348623853211,False,D_development_3_ebicglasso_pairs.csv.gz,
D,development,4,cin,2933973510,2014753186,298430210,1202435671,408712677,200,30,complete,0e846c6445ff4eac87c49db336ba714c86faa12facf8794080155c784c970d7c,,,1.8773228819999872,162.4765625,0.6635535720013284,0.2505747126436781,0.4129788593576502,435,435,0,109,31.0,True,4,4,0.967741935483871,0.0081922560680548,-0.0075086399400615,0.0081922560680548,-0.0075086399400615,0.0028312936713868,-0.0021565129586975,,0.0009547802309485,0.007083676785487,0.0140144521778764,0.0326294170468396,0.0439330211229326,0.0,0.000374630848503,0.0045096760588445,0.0073178807096367,0.0135269808745794,0.0542636569332617,0.0,30.0,0.0,,0.0,,201,0.4620689655172413,0.4029850746268656,0.7431192660550459,False,33,0.0758620689655172,0.9696969696969696,0.2935779816513761,False,15,0.0344827586206896,1.0,0.1376146788990825,False,5,0.0114942528735632,1.0,0.0458715596330275,False,177,0.4068965517241379,0.4293785310734463,0.6972477064220184,False,33,0.0758620689655172,0.9696969696969696,0.2935779816513761,False,15,0.0344827586206896,1.0,0.1376146788990825,False,5,0.0114942528735632,1.0,0.0458715596330275,False,D_development_4_cin_pairs.csv.gz,
D,development,4,cin_linear,2933973510,2014753186,298430210,1202435671,408712677,200,30,complete,0e846c6445ff4eac87c49db336ba714c86faa12facf8794080155c784c970d7c,,,1.5948035110000092,162.4765625,0.686172517602377,0.2505747126436781,0.4355978049586988,435,435,0,109,31.0,True,4,4,1.0,0.0077765688903779,-0.0065703738786396,0.0077765688903779,-0.0065703738786396,0.0028304512718723,-0.001977686354503,,0.0010469572325912,0.0095278168513012,0.0169114665344317,0.0342048114493201,0.0493385759349283,0.0,0.0005280704195444,0.0054286387036233,0.008263382239876,0.0148733291177105,0.0526208986512047,,,,,,,203,0.4666666666666667,0.4088669950738916,0.7614678899082569,False,37,0.0850574712643678,0.945945945945946,0.3211009174311927,False,18,0.0413793103448275,1.0,0.1651376146788991,False,8,0.0183908045977011,1.0,0.073394495412844,False,171,0.3931034482758621,0.4678362573099415,0.7339449541284404,False,37,0.0850574712643678,0.945945945945946,0.3211009174311927,False,18,0.0413793103448275,1.0,0.1651376146788991,False,8,0.0183908045977011,1.0,0.073394495412844,False,D_development_4_cin_linear_pairs.csv.gz,
D,development,4,ebicglasso,2933973510,2014753186,298430210,1202435671,408712677,200,30,complete,0e846c6445ff4eac87c49db336ba714c86faa12facf8794080155c784c970d7c,,,9.069008548,162.4765625,0.2505747126436781,0.2505747126436781,0.0,435,435,0,109,31.0,True,0,0,0.0,0.0117320234322684,-0.0117320234322684,0.0117320234322684,-0.0117320234322684,0.0029397484002695,-0.0029397484002695,,,,,,,0.9977011494252872,0.0,0.0,0.0,0.0,0.0,,,,,,,0,0.0,,0.0,True,0,0.0,,0.0,True,0,0.0,,0.0,True,0,0.0,,0.0,True,0,0.0,,0.0,True,0,0.0,,0.0,True,0,0.0,,0.0,True,0,0.0,,0.0,True,D_development_4_ebicglasso_pairs.csv.gz,
D,development,5,cin,2468339393,1583371856,4118055753,2434734952,2603805728,200,30,complete,0e846c6445ff4eac87c49db336ba714c86faa12facf8794080155c784c970d7c,,,1.8855948900000497,162.6015625,0.6683683904896895,0.2505747126436781,0.4177936778460114,435,435,0,109,29.0,True,4,4,0.9655172413793104,0.0073894478562094,-0.0068548385164847,0.0073894478562094,-0.0068548385164847,0.0026660959890618,-0.001882881251626,,0.0009597399494204,0.0065380285795225,0.0127645371301708,0.0211198030595868,0.0271173074142185,0.0,0.0003574860916664,0.0047294754862279,0.0066456314633467,0.0142410028114627,0.0181538716557432,0.0,30.0,0.0,,0.0,,217,0.4988505747126436,0.4009216589861751,0.7981651376146789,False,33,0.0758620689655172,0.8484848484848485,0.2568807339449541,False,16,0.0367816091954023,0.9375,0.1376146788990825,False,4,0.0091954022988505,1.0,0.036697247706422,False,186,0.4275862068965517,0.4193548387096774,0.7155963302752294,False,33,0.0758620689655172,0.8484848484848485,0.2568807339449541,False,16,0.0367816091954023,0.9375,0.1376146788990825,False,4,0.0091954022988505,1.0,0.036697247706422,False,D_development_5_cin_pairs.csv.gz,
D,development,5,cin_linear,2468339393,1583371856,4118055753,2434734952,2603805728,200,30,complete,0e846c6445ff4eac87c49db336ba714c86faa12facf8794080155c784c970d7c,,,1.587506382000015,162.6015625,0.6496319982924198,0.2505747126436781,0.3990572856487416,435,435,0,109,29.0,True,4,4,0.9655172413793104,0.007260341868064,-0.0060958275021394,0.007260341868064,-0.0060958275021394,0.0028141235180607,-0.0018206649940892,,0.0011033432162564,0.0085325906364593,0.0155979675978547,0.0294582150883063,0.0312203727613011,0.0,0.0006021830095237,0.0056955105395972,0.0085138721350121,0.014874061088368,0.0233895962542362,,,,,,,204,0.4689655172413793,0.3872549019607843,0.7247706422018348,False,42,0.096551724137931,0.8333333333333334,0.3211009174311927,False,17,0.0390804597701149,1.0,0.1559633027522936,False,6,0.0137931034482758,1.0,0.055045871559633,False,176,0.4045977011494253,0.4147727272727273,0.6697247706422018,False,42,0.096551724137931,0.8333333333333334,0.3211009174311927,False,17,0.0390804597701149,1.0,0.1559633027522936,False,6,0.0137931034482758,1.0,0.055045871559633,False,D_development_5_cin_linear_pairs.csv.gz,
D,development,5,ebicglasso,2468339393,1583371856,4118055753,2434734952,2603805728,200,30,complete,0e846c6445ff4eac87c49db336ba714c86faa12facf8794080155c784c970d7c,,,5.247671841999988,162.6015625,0.3468311715701782,0.2505747126436781,0.0962564589265,435,435,0,109,29.0,True,4,4,0.3448275862068966,0.0198061554386471,0.0048082179480906,0.0198061554386471,0.0048082179480906,0.004962921707615,0.0012048178306709,,0.1030063526434523,0.2101837014117048,0.2276457266539158,0.2413155416972691,0.2447329954581074,0.9655172413793104,0.0,0.0,0.0,0.0,0.0,,,,,,,14,0.032183908045977,1.0,0.128440366972477,False,14,0.032183908045977,1.0,0.128440366972477,False,14,0.032183908045977,1.0,0.128440366972477,False,14,0.032183908045977,1.0,0.128440366972477,False,6,0.0137931034482758,1.0,0.055045871559633,False,6,0.0137931034482758,1.0,0.055045871559633,False,6,0.0137931034482758,1.0,0.055045871559633,False,6,0.0137931034482758,1.0,0.055045871559633,False,D_development_5_ebicglasso_pairs.csv.gz,
D,development,6,cin,1639658812,2353206038,2374329151,1846813673,2532496424,200,30,complete,0e846c6445ff4eac87c49db336ba714c86faa12facf8794080155c784c970d7c,,,1.866025742999966,162.6015625,0.6570293384878815,0.2505747126436781,0.4064546258442033,435,435,0,109,28.0,True,4,4,0.9642857142857144,0.0082849614873867,-0.0071499608195586,0.0082849614873867,-0.0071499608195586,0.0030020310961433,-0.0020770477198719,,0.0009885949735354,0.0070194667573506,0.0143386766073056,0.0229056637391506,0.041876121450832,0.0,0.0005723541207037,0.0049543247571701,0.0064452142219946,0.0119839085467935,0.023928712900782,0.0,30.0,0.0,,0.0,,225,0.5172413793103449,0.3733333333333333,0.7706422018348624,False,34,0.0781609195402298,0.9411764705882352,0.2935779816513761,False,14,0.032183908045977,1.0,0.128440366972477,False,7,0.0160919540229885,1.0,0.0642201834862385,False,185,0.425287356321839,0.3891891891891892,0.6605504587155964,False,34,0.0781609195402298,0.9411764705882352,0.2935779816513761,False,14,0.032183908045977,1.0,0.128440366972477,False,7,0.0160919540229885,1.0,0.0642201834862385,False,D_development_6_cin_pairs.csv.gz,
D,development,6,cin_linear,1639658812,2353206038,2374329151,1846813673,2532496424,200,30,complete,0e846c6445ff4eac87c49db336ba714c86faa12facf8794080155c784c970d7c,,,1.592648517999976,162.6015625,0.6580781728448022,0.2505747126436781,0.407503460201124,435,435,0,109,28.0,True,4,4,0.9642857142857144,0.0081307218709168,-0.006376294502377,0.0081307218709168,-0.006376294502377,0.003097396650185,-0.0019730948488363,,0.0010344875180694,0.0095618137531526,0.0170944805751611,0.0297608932389134,0.0411277205652548,0.0,0.0006590997363581,0.0049360047902071,0.0069547655003388,0.0170838176442672,0.0240276780758317,,,,,,,219,0.503448275862069,0.3789954337899543,0.7614678899082569,False,37,0.0850574712643678,0.918918918918919,0.3119266055045872,False,19,0.0436781609195402,1.0,0.1743119266055046,False,8,0.0183908045977011,1.0,0.073394495412844,False,188,0.432183908045977,0.3936170212765957,0.6788990825688074,False,37,0.0850574712643678,0.918918918918919,0.3119266055045872,False,19,0.0436781609195402,1.0,0.1743119266055046,False,8,0.0183908045977011,1.0,0.073394495412844,False,D_development_6_cin_linear_pairs.csv.gz,
D,development,6,ebicglasso,1639658812,2353206038,2374329151,1846813673,2532496424,200,30,complete,0e846c6445ff4eac87c49db336ba714c86faa12facf8794080155c784c970d7c,,,5.979833839000037,162.6015625,0.2780765580512496,0.2505747126436781,0.0275018454075714,435,435,0,109,28.0,True,4,4,0.1428571428571428,0.0142795233128447,-0.0066164422184043,0.0142795233128447,-0.0066164422184043,0.0035780874508047,-0.0016579131076001,,0.0860433657002008,0.2336498186342395,0.2622188597293016,0.2850740926053512,0.2907879008243637,0.9885057471264368,0.0,0.0,0.0,0.0,0.0,,,,,,,4,0.0091954022988505,1.0,0.036697247706422,False,4,0.0091954022988505,1.0,0.036697247706422,False,4,0.0091954022988505,1.0,0.036697247706422,False,4,0.0091954022988505,1.0,0.036697247706422,False,2,0.0045977011494252,1.0,0.018348623853211,False,2,0.0045977011494252,1.0,0.018348623853211,False,2,0.0045977011494252,1.0,0.018348623853211,False,2,0.0045977011494252,1.0,0.018348623853211,False,D_development_6_ebicglasso_pairs.csv.gz,
D,development,7,cin,212782563,1857403843,3053369142,3742740002,3633469918,200,30,complete,0e846c6445ff4eac87c49db336ba714c86faa12facf8794080155c784c970d7c,,,1.87157270900002,162.7265625,0.505667265084021,0.2505747126436781,0.2550925524403429,435,435,0,109,29.0,True,4,4,0.9310344827586208,0.0084364723028821,-0.008181979841595,0.0084364723028821,-0.008181979841595,0.0028551205439733,-0.0021524043972905,,0.0008540785959133,0.0044647291415436,0.0104718226210611,0.0229911582147711,0.0259059008176958,0.0,0.0002049312133178,0.0035788116087502,0.0065568309563413,0.016791182168602,0.0227475401226359,0.0,30.0,0.0,,0.0,,199,0.4574712643678161,0.3467336683417085,0.6330275229357798,False,17,0.0390804597701149,0.8823529411764706,0.1376146788990825,False,11,0.025287356321839,1.0,0.1009174311926605,False,3,0.0068965517241379,1.0,0.0275229357798165,False,176,0.4045977011494253,0.3636363636363636,0.5871559633027523,False,16,0.0367816091954023,0.875,0.128440366972477,False,11,0.025287356321839,1.0,0.1009174311926605,False,3,0.0068965517241379,1.0,0.0275229357798165,False,D_development_7_cin_pairs.csv.gz,
D,development,7,cin_linear,212782563,1857403843,3053369142,3742740002,3633469918,200,30,complete,0e846c6445ff4eac87c49db336ba714c86faa12facf8794080155c784c970d7c,,,1.5882689140000252,162.7265625,0.5216632318568772,0.2505747126436781,0.2710885192131991,435,435,0,109,29.0,True,4,4,0.9655172413793104,0.0082460973180761,-0.0077632504335124,0.0082460973180761,-0.0077632504335124,0.0028813438651393,-0.0020625862985127,,0.0008916912907475,0.0050233491800663,0.0100069423295785,0.0257218921973038,0.0290034664114697,0.0,0.0002669125374199,0.0041897401503406,0.0073256534814311,0.0182251019867164,0.0230536333669129,,,,,,,203,0.4666666666666667,0.3399014778325123,0.6330275229357798,False,21,0.0482758620689655,0.7619047619047619,0.146788990825688,False,11,0.025287356321839,1.0,0.1009174311926605,False,5,0.0114942528735632,1.0,0.0458715596330275,False,180,0.4137931034482758,0.35,0.5779816513761468,False,20,0.0459770114942528,0.75,0.1376146788990825,False,11,0.025287356321839,1.0,0.1009174311926605,False,5,0.0114942528735632,1.0,0.0458715596330275,False,D_development_7_cin_linear_pairs.csv.gz,
D,development,7,ebicglasso,212782563,1857403843,3053369142,3742740002,3633469918,200,30,complete,0e846c6445ff4eac87c49db336ba714c86faa12facf8794080155c784c970d7c,,,12.308927018999952,162.7265625,0.2505747126436781,0.2505747126436781,0.0,435,435,0,109,29.0,True,0,0,0.0,0.01054666965868,-0.01054666965868,0.01054666965868,-0.01054666965868,0.0026427287190715,-0.0026427287190715,,,,,,,0.9977011494252872,0.0,0.0,0.0,0.0,0.0,,,,,,,0,0.0,,0.0,True,0,0.0,,0.0,True,0,0.0,,0.0,True,0,0.0,,0.0,True,0,0.0,,0.0,True,0,0.0,,0.0,True,0,0.0,,0.0,True,0,0.0,,0.0,True,D_development_7_ebicglasso_pairs.csv.gz,
D,development,8,cin,409464913,684599706,2812580581,214247433,856984391,200,30,complete,0e846c6445ff4eac87c49db336ba714c86faa12facf8794080155c784c970d7c,,,1.8964278159999708,162.7265625,0.6710532987255766,0.2505747126436781,0.4204785860818985,435,435,0,109,30.0,True,4,4,1.0,0.0088836579903198,-0.0084687805652488,0.0088836579903198,-0.0084687805652488,0.0029031022063932,-0.0022089390829177,,0.000971083292531,0.0058083055508678,0.0120267749096144,0.0218573848653887,0.024494515079758,0.0,0.0002181390722295,0.0024921859175234,0.0047417183361763,0.0127773846268347,0.0261746651839986,0.0,30.0,0.0,,0.0,,215,0.4942528735632184,0.4046511627906977,0.7981651376146789,False,26,0.0597701149425287,0.9615384615384616,0.2293577981651376,False,14,0.032183908045977,1.0,0.128440366972477,False,5,0.0114942528735632,1.0,0.0458715596330275,False,193,0.4436781609195402,0.4248704663212435,0.7522935779816514,False,26,0.0597701149425287,0.9615384615384616,0.2293577981651376,False,14,0.032183908045977,1.0,0.128440366972477,False,5,0.0114942528735632,1.0,0.0458715596330275,False,D_development_8_cin_pairs.csv.gz,
D,development,8,cin_linear,409464913,684599706,2812580581,214247433,856984391,200,30,complete,0e846c6445ff4eac87c49db336ba714c86faa12facf8794080155c784c970d7c,,,1.5864177580000387,162.7265625,0.6662765293820452,0.2505747126436781,0.415701816738367,435,435,0,109,30.0,True,4,4,0.9666666666666668,0.0082988586531093,-0.0076697167760612,0.0082988586531093,-0.0076697167760612,0.0030083660078442,-0.0022180106375022,,0.001002158181004,0.0082423767319134,0.0125074350710125,0.0319747892870279,0.0348129593103508,0.0,0.0005345872792404,0.0044787490033471,0.0073556965549865,0.0120007710099263,0.0317637794726176,,,,,,,211,0.4850574712643678,0.3933649289099526,0.7614678899082569,False,37,0.0850574712643678,0.918918918918919,0.3119266055045872,False,15,0.0344827586206896,1.0,0.1376146788990825,False,7,0.0160919540229885,1.0,0.0642201834862385,False,180,0.4137931034482758,0.4166666666666667,0.6880733944954128,False,37,0.0850574712643678,0.918918918918919,0.3119266055045872,False,15,0.0344827586206896,1.0,0.1376146788990825,False,7,0.0160919540229885,1.0,0.0642201834862385,False,D_development_8_cin_linear_pairs.csv.gz,
D,development,8,ebicglasso,409464913,684599706,2812580581,214247433,856984391,200,30,complete,0e846c6445ff4eac87c49db336ba714c86faa12facf8794080155c784c970d7c,,,13.22210902200004,162.7265625,0.2643256353474638,0.2505747126436781,0.0137509227037856,435,435,0,109,30.0,True,4,4,0.0666666666666666,0.0137717010344329,-0.0089144554333615,0.0137717010344329,-0.0089144554333615,0.0034508400293176,-0.0022337371085894,,0.1791304654856605,0.2117483144079097,0.2158255455231909,0.2190873304154158,0.219902776638472,0.993103448275862,0.0,0.0,0.0,0.0,0.0,,,,,,,2,0.0045977011494252,1.0,0.018348623853211,False,2,0.0045977011494252,1.0,0.018348623853211,False,2,0.0045977011494252,1.0,0.018348623853211,False,2,0.0045977011494252,1.0,0.018348623853211,False,2,0.0045977011494252,1.0,0.018348623853211,False,2,0.0045977011494252,1.0,0.018348623853211,False,2,0.0045977011494252,1.0,0.018348623853211,False,2,0.0045977011494252,1.0,0.018348623853211,False,D_development_8_ebicglasso_pairs.csv.gz,
D,development,9,cin,1385705126,3422013243,315606316,2378159554,1525353697,200,30,complete,0e846c6445ff4eac87c49db336ba714c86faa12facf8794080155c784c970d7c,,,1.870170834000021,162.7265625,0.6455935808300398,0.2505747126436781,0.3950188681863616,435,435,0,109,33.0,True,3,3,1.0,0.0091463087805435,-0.0089366025911088,0.0091463087805435,-0.0089366025911088,0.0029399826786776,-0.0024111212968186,,0.0008628015386632,0.0050549435743843,0.0091938077070146,0.0162695701794648,0.0192095811806489,0.0,0.0001763183849747,0.0025019904067492,0.0043314506260262,0.0106776225272906,0.0205274160728271,0.0,30.0,0.0,,0.0,,205,0.4712643678160919,0.3853658536585366,0.7247706422018348,False,21,0.0482758620689655,0.9523809523809524,0.1834862385321101,False,7,0.0160919540229885,1.0,0.0642201834862385,False,0,0.0,,0.0,True,179,0.4114942528735632,0.4078212290502793,0.6697247706422018,False,21,0.0482758620689655,0.9523809523809524,0.1834862385321101,False,7,0.0160919540229885,1.0,0.0642201834862385,False,0,0.0,,0.0,True,D_development_9_cin_pairs.csv.gz,
D,development,9,cin_linear,1385705126,3422013243,315606316,2378159554,1525353697,200,30,complete,0e846c6445ff4eac87c49db336ba714c86faa12facf8794080155c784c970d7c,,,1.5821468380000283,162.7265625,0.6333418804894442,0.2505747126436781,0.382767167845766,435,435,0,109,33.0,True,3,3,1.0,0.0089557854971747,-0.0087468029578717,0.0089557854971747,-0.0087468029578717,0.0029328970874772,-0.0023641898573544,,0.0008894903272252,0.0052536937142549,0.0097602915404917,0.0160340638567742,0.0191761177418685,0.0,0.0001761051996956,0.0028720978811303,0.0053104045223598,0.0117471813946122,0.02130211343612,,,,,,,199,0.4574712643678161,0.3919597989949748,0.7155963302752294,False,22,0.0505747126436781,0.9545454545454546,0.1926605504587156,False,10,0.0229885057471264,0.9,0.0825688073394495,False,0,0.0,,0.0,True,171,0.3931034482758621,0.4152046783625731,0.6513761467889908,False,22,0.0505747126436781,0.9545454545454546,0.1926605504587156,False,10,0.0229885057471264,0.9,0.0825688073394495,False,0,0.0,,0.0,True,D_development_9_cin_linear_pairs.csv.gz,
D,development,9,ebicglasso,1385705126,3422013243,315606316,2378159554,1525353697,200,30,complete,0e846c6445ff4eac87c49db336ba714c86faa12facf8794080155c784c970d7c,,,7.619635430000017,162.7265625,0.2505747126436781,0.2505747126436781,0.0,435,435,0,109,33.0,True,0,0,0.0,0.0112938693937565,-0.0112938693937565,0.0112938693937565,-0.0112938693937565,0.0028299580779757,-0.0028299580779757,,,,,,,0.9977011494252872,0.0,0.0,0.0,0.0,0.0,,,,,,,0,0.0,,0.0,True,0,0.0,,0.0,True,0,0.0,,0.0,True,0,0.0,,0.0,True,0,0.0,,0.0,True,0,0.0,,0.0,True,0,0.0,,0.0,True,0,0.0,,0.0,True,D_development_9_ebicglasso_pairs.csv.gz,
E,development,0,cin,3528812719,2732361877,2745257876,3892122245,4194683490,200,30,complete,0e846c6445ff4eac87c49db336ba714c86faa12facf8794080155c784c970d7c,,,1.1398833689999606,160.8515625,0.7136538388711138,0.0551724137931034,0.6584814250780103,435,435,0,24,,,4,4,,,,,,,,,0.001289880590629,0.0335639804634028,0.0833017754803226,0.1719531424021255,0.2661260412871251,0.0,0.0014546459765991,0.0072980602559038,0.0118078957274098,0.039734961239388,0.0521567411158682,0.0,30.0,0.0,,0.0,,160,0.367816091954023,0.14375,0.9583333333333334,False,45,0.1034482758620689,0.3777777777777777,0.7083333333333334,False,23,0.0528735632183908,0.6956521739130435,0.6666666666666666,False,20,0.0459770114942528,0.8,0.6666666666666666,False,132,0.3034482758620689,0.1439393939393939,0.7916666666666666,False,45,0.1034482758620689,0.3777777777777777,0.7083333333333334,False,23,0.0528735632183908,0.6956521739130435,0.6666666666666666,False,20,0.0459770114942528,0.8,0.6666666666666666,False,E_development_0_cin_pairs.csv.gz,
E,development,0,cin_linear,3528812719,2732361877,2745257876,3892122245,4194683490,200,30,complete,0e846c6445ff4eac87c49db336ba714c86faa12facf8794080155c784c970d7c,,,0.9923927330000312,161.13671875,0.6937984279976268,0.0551724137931034,0.6386260142045234,435,435,0,24,,,4,4,,,,,,,,,0.0011198336451562,0.0300551915020905,0.0756690255905675,0.1708843067117368,0.3538530932489535,0.0,0.0015130687863325,0.0085674358061743,0.0144319966712369,0.0388449967571268,0.0534953011133344,,,,,,,168,0.3862068965517241,0.119047619047619,0.8333333333333334,False,43,0.0988505747126436,0.3720930232558139,0.6666666666666666,False,25,0.057471264367816,0.64,0.6666666666666666,False,20,0.0459770114942528,0.8,0.6666666666666666,False,132,0.3034482758620689,0.1439393939393939,0.7916666666666666,False,43,0.0988505747126436,0.3720930232558139,0.6666666666666666,False,25,0.057471264367816,0.64,0.6666666666666666,False,20,0.0459770114942528,0.8,0.6666666666666666,False,E_development_0_cin_linear_pairs.csv.gz,
E,development,0,ebicglasso,3528812719,2732361877,2745257876,3892122245,4194683490,200,30,complete,0e846c6445ff4eac87c49db336ba714c86faa12facf8794080155c784c970d7c,,,5.717704058999971,162.01953125,0.6596075460176158,0.0551724137931034,0.6044351322245124,435,435,0,24,,,4,4,,,,,,,,,0.0457821692364868,0.3079512308084934,0.4225181203430529,0.5408479451986488,0.6579150655988931,0.8,0.0,0.0,0.0,0.0,0.0,,,,,,,86,0.1977011494252873,0.1860465116279069,0.6666666666666666,False,82,0.1885057471264367,0.1951219512195122,0.6666666666666666,False,75,0.1724137931034483,0.2133333333333333,0.6666666666666666,False,59,0.135632183908046,0.2711864406779661,0.6666666666666666,False,43,0.0988505747126436,0.1162790697674418,0.2083333333333333,False,43,0.0988505747126436,0.1162790697674418,0.2083333333333333,False,38,0.0873563218390804,0.131578947368421,0.2083333333333333,False,30,0.0689655172413793,0.1666666666666666,0.2083333333333333,False,E_development_0_ebicglasso_pairs.csv.gz,
E,development,1,cin,1183026508,3411918116,2068885650,2725019229,4097738556,200,30,complete,0e846c6445ff4eac87c49db336ba714c86faa12facf8794080155c784c970d7c,,,1.1577704609999842,162.26953125,0.7659984604565526,0.0551724137931034,0.7108260466634492,435,435,0,24,,,4,4,,,,,,,,,0.0017275539056456,0.0460053397922296,0.1094263691092027,0.1895783497191661,0.2176252776571794,0.0,0.0016276645025609,0.0074152779490531,0.0141519060903576,0.0458761245190045,0.1292973416632257,0.0,30.0,0.0,,0.0,,143,0.328735632183908,0.1608391608391608,0.9583333333333334,False,49,0.1126436781609195,0.4285714285714285,0.875,False,38,0.0873563218390804,0.4473684210526316,0.7083333333333334,False,22,0.0505747126436781,0.7272727272727273,0.6666666666666666,False,112,0.2574712643678161,0.2053571428571428,0.9583333333333334,False,48,0.1103448275862069,0.4375,0.875,False,38,0.0873563218390804,0.4473684210526316,0.7083333333333334,False,22,0.0505747126436781,0.7272727272727273,0.6666666666666666,False,E_development_1_cin_pairs.csv.gz,
E,development,1,cin_linear,1183026508,3411918116,2068885650,2725019229,4097738556,200,30,complete,0e846c6445ff4eac87c49db336ba714c86faa12facf8794080155c784c970d7c,,,0.9948195550000491,162.26953125,0.7395076389985324,0.0551724137931034,0.684335225205429,435,435,0,24,,,4,4,,,,,,,,,0.0019127566943314,0.0456209033848435,0.1049585558099983,0.1997802380816024,0.2587695845844331,0.0,0.0016522763450498,0.0108374235383465,0.0202942643920682,0.0401380355318103,0.0943488646111018,,,,,,,148,0.3402298850574712,0.1554054054054054,0.9583333333333334,False,48,0.1103448275862069,0.375,0.75,False,40,0.0919540229885057,0.425,0.7083333333333334,False,22,0.0505747126436781,0.6818181818181818,0.625,False,121,0.2781609195402298,0.1900826446280991,0.9583333333333334,False,48,0.1103448275862069,0.375,0.75,False,40,0.0919540229885057,0.425,0.7083333333333334,False,22,0.0505747126436781,0.6818181818181818,0.625,False,E_development_1_cin_linear_pairs.csv.gz,
E,development,1,ebicglasso,1183026508,3411918116,2068885650,2725019229,4097738556,200,30,complete,0e846c6445ff4eac87c49db336ba714c86faa12facf8794080155c784c970d7c,,,8.305383344999996,162.26953125,0.7421617850128511,0.0551724137931034,0.6869893712197477,435,435,0,24,,,4,4,,,,,,,,,0.0651512811283309,0.3625242331857435,0.4480231841806201,0.600245964946103,0.6272646446031895,0.8114942528735632,0.0,0.0,0.0,0.0,0.0,,,,,,,81,0.1862068965517241,0.2716049382716049,0.9166666666666666,False,78,0.1793103448275862,0.282051282051282,0.9166666666666666,False,70,0.160919540229885,0.3,0.875,False,62,0.1425287356321839,0.3225806451612903,0.8333333333333334,False,50,0.1149425287356321,0.26,0.5416666666666666,False,47,0.1080459770114942,0.2765957446808511,0.5416666666666666,False,43,0.0988505747126436,0.2790697674418604,0.5,False,38,0.0873563218390804,0.3157894736842105,0.5,False,E_development_1_ebicglasso_pairs.csv.gz,
E,development,2,cin,3747385851,4040563719,852650374,2661232086,211041792,200,30,complete,0e846c6445ff4eac87c49db336ba714c86faa12facf8794080155c784c970d7c,,,1.1658782729999757,162.26953125,0.7030801225043255,0.0551724137931034,0.647907708711222,435,435,0,24,,,4,4,,,,,,,,,0.0014073077963134,0.0495505803412829,0.1179695596767882,0.2028830062121205,0.3549438734577386,0.0,0.0013197937900482,0.0072661883690494,0.0120954489560684,0.0481742466584574,0.065423635972458,0.0,30.0,0.0,,0.0,,146,0.335632183908046,0.1438356164383561,0.875,False,35,0.0804597701149425,0.4571428571428571,0.6666666666666666,False,27,0.0620689655172413,0.5555555555555556,0.625,False,23,0.0528735632183908,0.6521739130434783,0.625,False,110,0.2528735632183908,0.1636363636363636,0.75,False,34,0.0781609195402298,0.4411764705882353,0.625,False,27,0.0620689655172413,0.5555555555555556,0.625,False,23,0.0528735632183908,0.6521739130434783,0.625,False,E_development_2_cin_pairs.csv.gz,
E,development,2,cin_linear,3747385851,4040563719,852650374,2661232086,211041792,200,30,complete,0e846c6445ff4eac87c49db336ba714c86faa12facf8794080155c784c970d7c,,,1.012906820000012,162.39453125,0.6406594149431111,0.0551724137931034,0.5854870011500076,435,435,0,24,,,4,4,,,,,,,,,0.0014841520024064,0.0585714483483155,0.1196601010886549,0.2443265264028521,0.4423297853234442,0.0,0.00156870385243,0.0110757447696241,0.0180373050250601,0.0565816647827382,0.0802362459594729,,,,,,,143,0.328735632183908,0.1188811188811188,0.7083333333333334,False,37,0.0850574712643678,0.4054054054054054,0.625,False,24,0.0551724137931034,0.625,0.625,False,22,0.0505747126436781,0.6818181818181818,0.625,False,109,0.2505747126436781,0.1376146788990825,0.625,False,36,0.0827586206896551,0.4166666666666667,0.625,False,24,0.0551724137931034,0.625,0.625,False,22,0.0505747126436781,0.6818181818181818,0.625,False,E_development_2_cin_linear_pairs.csv.gz,
E,development,2,ebicglasso,3747385851,4040563719,852650374,2661232086,211041792,200,30,complete,0e846c6445ff4eac87c49db336ba714c86faa12facf8794080155c784c970d7c,,,9.685387214000002,162.39453125,0.6404084555627204,0.0551724137931034,0.585236041769617,435,435,0,24,,,4,4,,,,,,,,,0.0454550553410912,0.3807496267179512,0.4936508407227127,0.609723128581752,0.7143161883159879,0.8298850574712644,0.0,0.0,0.0,0.0,0.0,,,,,,,73,0.167816091954023,0.2191780821917808,0.6666666666666666,False,68,0.1563218390804597,0.2352941176470588,0.6666666666666666,False,60,0.1379310344827586,0.2666666666666666,0.6666666666666666,False,53,0.1218390804597701,0.3018867924528302,0.6666666666666666,False,32,0.0735632183908046,0.15625,0.2083333333333333,False,29,0.0666666666666666,0.1724137931034483,0.2083333333333333,False,29,0.0666666666666666,0.1724137931034483,0.2083333333333333,False,26,0.0597701149425287,0.1923076923076923,0.2083333333333333,False,E_development_2_ebicglasso_pairs.csv.gz,
E,development,3,cin,1661963808,3347050754,636832375,4183974471,3046821848,200,30,complete,0e846c6445ff4eac87c49db336ba714c86faa12facf8794080155c784c970d7c,,,1.1558892670000205,162.39453125,0.7322123259478183,0.0551724137931034,0.6770399121547148,435,435,0,24,,,4,4,,,,,,,,,0.0013130072385904,0.0322006178605142,0.101225344416798,0.2632473162001183,0.468373761848672,0.0,0.0015032910524074,0.0071816117118671,0.0126822176188056,0.0423877631985442,0.0766031665889429,0.0,30.0,0.0,,0.0,,149,0.3425287356321839,0.1543624161073825,0.9583333333333334,False,35,0.0804597701149425,0.4857142857142857,0.7083333333333334,False,29,0.0666666666666666,0.5862068965517241,0.7083333333333334,False,24,0.0551724137931034,0.6666666666666666,0.6666666666666666,False,120,0.2758620689655172,0.15,0.75,False,35,0.0804597701149425,0.4857142857142857,0.7083333333333334,False,29,0.0666666666666666,0.5862068965517241,0.7083333333333334,False,24,0.0551724137931034,0.6666666666666666,0.6666666666666666,False,E_development_3_cin_pairs.csv.gz,
E,development,3,cin_linear,1661963808,3347050754,636832375,4183974471,3046821848,200,30,complete,0e846c6445ff4eac87c49db336ba714c86faa12facf8794080155c784c970d7c,,,0.9964339609999796,162.39453125,0.6715929134917097,0.0551724137931034,0.6164204996986062,435,435,0,24,,,4,4,,,,,,,,,0.0014034503892741,0.0342562219521648,0.1287544563745517,0.3618218584185776,0.6541258958652574,0.0,0.0015803846773226,0.0111421058920081,0.0190540234101037,0.0561292808323882,0.1602424187708756,,,,,,,139,0.3195402298850575,0.1366906474820144,0.7916666666666666,False,37,0.0850574712643678,0.4594594594594595,0.7083333333333334,False,29,0.0666666666666666,0.5862068965517241,0.7083333333333334,False,20,0.0459770114942528,0.7,0.5833333333333334,False,109,0.2505747126436781,0.1651376146788991,0.75,False,36,0.0827586206896551,0.4722222222222222,0.7083333333333334,False,28,0.064367816091954,0.6071428571428571,0.7083333333333334,False,20,0.0459770114942528,0.7,0.5833333333333334,False,E_development_3_cin_linear_pairs.csv.gz,
E,development,3,ebicglasso,1661963808,3347050754,636832375,4183974471,3046821848,200,30,complete,0e846c6445ff4eac87c49db336ba714c86faa12facf8794080155c784c970d7c,,,10.865274968999984,162.39453125,0.6744789410205814,0.0551724137931034,0.6193065272274779,435,435,0,24,,,4,4,,,,,,,,,0.0387623829397571,0.3097467355418702,0.53251808093414,0.748917264061445,0.812391613583235,0.7839080459770115,0.0,0.0,0.0,0.0,0.0,,,,,,,93,0.2137931034482758,0.1935483870967742,0.75,False,86,0.1977011494252873,0.2093023255813953,0.75,False,76,0.1747126436781609,0.2236842105263158,0.7083333333333334,False,59,0.135632183908046,0.288135593220339,0.7083333333333334,False,44,0.1011494252873563,0.25,0.4583333333333333,False,41,0.0942528735632183,0.2682926829268293,0.4583333333333333,False,38,0.0873563218390804,0.2631578947368421,0.4166666666666667,False,28,0.064367816091954,0.3571428571428571,0.4166666666666667,False,E_development_3_ebicglasso_pairs.csv.gz,
E,development,4,cin,1211371147,3469806940,827920153,1588539386,3848432898,200,30,complete,0e846c6445ff4eac87c49db336ba714c86faa12facf8794080155c784c970d7c,,,1.129954338999994,162.39453125,0.6414183473211253,0.0551724137931034,0.5862459335280219,435,435,0,24,,,4,4,,,,,,,,,0.001413669564886,0.0173559871677178,0.0808602732405693,0.1530659081462076,0.1640642633936115,0.0,0.0017109280127092,0.0072828895574576,0.0110704128306709,0.0595977355374099,0.0679157352527209,0.0,30.0,0.0,,0.0,,165,0.3793103448275862,0.1272727272727272,0.875,False,40,0.0919540229885057,0.4,0.6666666666666666,False,23,0.0528735632183908,0.5652173913043478,0.5416666666666666,False,16,0.0367816091954023,0.6875,0.4583333333333333,False,128,0.2942528735632184,0.140625,0.75,False,40,0.0919540229885057,0.4,0.6666666666666666,False,23,0.0528735632183908,0.5652173913043478,0.5416666666666666,False,16,0.0367816091954023,0.6875,0.4583333333333333,False,E_development_4_cin_pairs.csv.gz,
E,development,4,cin_linear,1211371147,3469806940,827920153,1588539386,3848432898,200,30,complete,0e846c6445ff4eac87c49db336ba714c86faa12facf8794080155c784c970d7c,,,0.9891489610000122,162.51953125,0.5822289616282219,0.0551724137931034,0.5270565478351185,435,435,0,24,,,4,4,,,,,,,,,0.0018921138722435,0.0208528341183658,0.0816144840348663,0.1780470956388295,0.2399836629101486,0.0,0.0014736043107853,0.0091154631963967,0.0145419784004677,0.0454973372048513,0.2126148373480376,,,,,,,154,0.3540229885057471,0.1298701298701298,0.8333333333333334,False,40,0.0919540229885057,0.325,0.5416666666666666,False,24,0.0551724137931034,0.5,0.5,False,16,0.0367816091954023,0.6875,0.4583333333333333,False,131,0.3011494252873563,0.1450381679389313,0.7916666666666666,False,39,0.0896551724137931,0.3333333333333333,0.5416666666666666,False,24,0.0551724137931034,0.5,0.5,False,16,0.0367816091954023,0.6875,0.4583333333333333,False,E_development_4_cin_linear_pairs.csv.gz,
E,development,4,ebicglasso,1211371147,3469806940,827920153,1588539386,3848432898,200,30,complete,0e846c6445ff4eac87c49db336ba714c86faa12facf8794080155c784c970d7c,,,12.60926869299999,162.51953125,0.5793807202935035,0.0551724137931034,0.5242083065004001,435,435,0,24,,,4,4,,,,,,,,,0.0539375008758541,0.3077317376703413,0.3817471225098535,0.4916944100136416,0.5264306641917047,0.8091954022988506,0.0,0.0,0.0,0.0,0.0,,,,,,,82,0.1885057471264367,0.2073170731707317,0.7083333333333334,False,78,0.1793103448275862,0.2179487179487179,0.7083333333333334,False,73,0.167816091954023,0.2328767123287671,0.7083333333333334,False,64,0.1471264367816092,0.265625,0.7083333333333334,False,47,0.1080459770114942,0.1914893617021276,0.375,False,43,0.0988505747126436,0.2093023255813953,0.375,False,40,0.0919540229885057,0.225,0.375,False,37,0.0850574712643678,0.2432432432432432,0.375,False,E_development_4_ebicglasso_pairs.csv.gz,
E,development,5,cin,4132302959,3278798586,992784373,3398793417,2855572307,200,30,complete,0e846c6445ff4eac87c49db336ba714c86faa12facf8794080155c784c970d7c,,,1.1441726479999943,162.51953125,0.7529399105486061,0.0551724137931034,0.6977674967555026,435,435,0,24,,,4,4,,,,,,,,,0.0016404241786226,0.049037457105272,0.1338546158760073,0.2151425349023826,0.2582578907957018,0.0,0.0017379996000105,0.0076736192364688,0.0107120689464326,0.0410184073578566,0.0846080352442717,0.0,30.0,0.0,,0.0,,125,0.2873563218390804,0.184,0.9583333333333334,False,42,0.096551724137931,0.4285714285714285,0.75,False,29,0.0666666666666666,0.5862068965517241,0.7083333333333334,False,21,0.0482758620689655,0.6666666666666666,0.5833333333333334,False,96,0.2206896551724138,0.1979166666666666,0.7916666666666666,False,42,0.096551724137931,0.4285714285714285,0.75,False,29,0.0666666666666666,0.5862068965517241,0.7083333333333334,False,21,0.0482758620689655,0.6666666666666666,0.5833333333333334,False,E_development_5_cin_pairs.csv.gz,
E,development,5,cin_linear,4132302959,3278798586,992784373,3398793417,2855572307,200,30,complete,0e846c6445ff4eac87c49db336ba714c86faa12facf8794080155c784c970d7c,,,0.9746272279999744,162.51953125,0.7011609190100997,0.0551724137931034,0.6459885052169962,435,435,0,24,,,4,4,,,,,,,,,0.0016429954977254,0.0424279607083347,0.1328827590814998,0.2238741077634002,0.3475574374904543,0.0,0.0013241932718231,0.0071334442138512,0.0108637239575193,0.0491926271300424,0.2007371312578315,,,,,,,136,0.3126436781609195,0.1617647058823529,0.9166666666666666,False,42,0.096551724137931,0.4285714285714285,0.75,False,30,0.0689655172413793,0.5,0.625,False,22,0.0505747126436781,0.6363636363636364,0.5833333333333334,False,117,0.2689655172413793,0.1623931623931624,0.7916666666666666,False,42,0.096551724137931,0.4285714285714285,0.75,False,30,0.0689655172413793,0.5,0.625,False,22,0.0505747126436781,0.6363636363636364,0.5833333333333334,False,E_development_5_cin_linear_pairs.csv.gz,
E,development,5,ebicglasso,4132302959,3278798586,992784373,3398793417,2855572307,200,30,complete,0e846c6445ff4eac87c49db336ba714c86faa12facf8794080155c784c970d7c,,,13.247066748999998,162.51953125,0.6841850542410417,0.0551724137931034,0.6290126404479383,435,435,0,24,,,4,4,,,,,,,,,0.051663101809319,0.3987331737710002,0.5236672505082619,0.6088824985887917,0.6657521222606523,0.8413793103448276,0.0,0.0,0.0,0.0,0.0,,,,,,,68,0.1563218390804597,0.2647058823529412,0.75,False,65,0.1494252873563218,0.2769230769230769,0.75,False,59,0.135632183908046,0.3050847457627119,0.75,False,50,0.1149425287356321,0.36,0.75,False,33,0.0758620689655172,0.1515151515151515,0.2083333333333333,False,31,0.0712643678160919,0.1612903225806451,0.2083333333333333,False,26,0.0597701149425287,0.1923076923076923,0.2083333333333333,False,22,0.0505747126436781,0.2272727272727272,0.2083333333333333,False,E_development_5_ebicglasso_pairs.csv.gz,
E,development,6,cin,1973312766,2524641097,2962203048,1507988544,1409553109,200,30,complete,0e846c6445ff4eac87c49db336ba714c86faa12facf8794080155c784c970d7c,,,1.1547047309999812,162.51953125,0.8017387616950982,0.0551724137931034,0.7465663479019947,435,435,0,24,,,4,4,,,,,,,,,0.0015480029613556,0.0378047068623793,0.1179105276526987,0.1916913283589393,0.2987425861989397,0.0,0.001226134227501,0.0057985850986927,0.0104744203690398,0.034421430681429,0.0533890601625259,0.0,30.0,0.0,,0.0,,146,0.335632183908046,0.1575342465753424,0.9583333333333334,False,38,0.0873563218390804,0.5263157894736842,0.8333333333333334,False,27,0.0620689655172413,0.6666666666666666,0.75,False,20,0.0459770114942528,0.8,0.6666666666666666,False,121,0.2781609195402298,0.1818181818181818,0.9166666666666666,False,38,0.0873563218390804,0.5263157894736842,0.8333333333333334,False,27,0.0620689655172413,0.6666666666666666,0.75,False,20,0.0459770114942528,0.8,0.6666666666666666,False,E_development_6_cin_pairs.csv.gz,
E,development,6,cin_linear,1973312766,2524641097,2962203048,1507988544,1409553109,200,30,complete,0e846c6445ff4eac87c49db336ba714c86faa12facf8794080155c784c970d7c,,,1.0216749329999857,162.51953125,0.7689212032033246,0.0551724137931034,0.7137487894102211,435,435,0,24,,,4,4,,,,,,,,,0.001349188483052,0.038069641399266,0.1174903183550872,0.202353398648357,0.4081359838896209,0.0,0.001095329867136,0.0068228927475941,0.0115142367092556,0.0342165680370261,0.1069266434311104,,,,,,,151,0.3471264367816092,0.1456953642384106,0.9166666666666666,False,40,0.0919540229885057,0.475,0.7916666666666666,False,26,0.0597701149425287,0.6538461538461539,0.7083333333333334,False,20,0.0459770114942528,0.8,0.6666666666666666,False,127,0.2919540229885057,0.1653543307086614,0.875,False,40,0.0919540229885057,0.475,0.7916666666666666,False,26,0.0597701149425287,0.6538461538461539,0.7083333333333334,False,20,0.0459770114942528,0.8,0.6666666666666666,False,E_development_6_cin_linear_pairs.csv.gz,
E,development,6,ebicglasso,1973312766,2524641097,2962203048,1507988544,1409553109,200,30,complete,0e846c6445ff4eac87c49db336ba714c86faa12facf8794080155c784c970d7c,,,9.548833702000024,162.51953125,0.7580167250527907,0.0551724137931034,0.7028443112596873,435,435,0,24,,,4,4,,,,,,,,,0.0443069567060787,0.3734811667106535,0.4539340109587613,0.6164867198915894,0.6487782417174034,0.8022988505747126,0.0,0.0,0.0,0.0,0.0,,,,,,,85,0.1954022988505747,0.2470588235294117,0.875,False,80,0.1839080459770115,0.2625,0.875,False,75,0.1724137931034483,0.28,0.875,False,60,0.1379310344827586,0.35,0.875,False,57,0.1310344827586207,0.2280701754385964,0.5416666666666666,False,55,0.1264367816091954,0.2363636363636363,0.5416666666666666,False,52,0.1195402298850574,0.25,0.5416666666666666,False,44,0.1011494252873563,0.2954545454545454,0.5416666666666666,False,E_development_6_ebicglasso_pairs.csv.gz,
E,development,7,cin,83645588,1687585805,3316602433,3280625856,2749069954,200,30,complete,0e846c6445ff4eac87c49db336ba714c86faa12facf8794080155c784c970d7c,,,1.1508159530000055,162.64453125,0.7459155930780527,0.0551724137931034,0.6907431792849492,435,435,0,24,,,4,4,,,,,,,,,0.0017046664095117,0.0331915115335134,0.093448205516216,0.1641229666150174,0.2197143751220464,0.0,0.0016874258674024,0.007126675830113,0.00941787912657,0.0432662815519545,0.061356158199588,0.0,30.0,0.0,,0.0,,159,0.3655172413793103,0.1509433962264151,1.0,False,38,0.0873563218390804,0.4473684210526316,0.7083333333333334,False,30,0.0689655172413793,0.5666666666666667,0.7083333333333334,False,20,0.0459770114942528,0.8,0.6666666666666666,False,125,0.2873563218390804,0.16,0.8333333333333334,False,38,0.0873563218390804,0.4473684210526316,0.7083333333333334,False,30,0.0689655172413793,0.5666666666666667,0.7083333333333334,False,20,0.0459770114942528,0.8,0.6666666666666666,False,E_development_7_cin_pairs.csv.gz,
E,development,7,cin_linear,83645588,1687585805,3316602433,3280625856,2749069954,200,30,complete,0e846c6445ff4eac87c49db336ba714c86faa12facf8794080155c784c970d7c,,,0.9981113329999972,162.64453125,0.6761396476939222,0.0551724137931034,0.6209672339008188,435,435,0,24,,,4,4,,,,,,,,,0.0016527982438268,0.0334123860569938,0.1118489224960745,0.1825906806806182,0.2215456914728494,0.0,0.0012549793717529,0.006601298426628,0.009706046166328,0.0464064252806959,0.1247547642139447,,,,,,,157,0.360919540229885,0.1273885350318471,0.8333333333333334,False,39,0.0896551724137931,0.4358974358974359,0.7083333333333334,False,31,0.0712643678160919,0.5483870967741935,0.7083333333333334,False,21,0.0482758620689655,0.7619047619047619,0.6666666666666666,False,135,0.3103448275862069,0.1407407407407407,0.7916666666666666,False,39,0.0896551724137931,0.4358974358974359,0.7083333333333334,False,31,0.0712643678160919,0.5483870967741935,0.7083333333333334,False,21,0.0482758620689655,0.7619047619047619,0.6666666666666666,False,E_development_7_cin_linear_pairs.csv.gz,
E,development,7,ebicglasso,83645588,1687585805,3316602433,3280625856,2749069954,200,30,complete,0e846c6445ff4eac87c49db336ba714c86faa12facf8794080155c784c970d7c,,,14.873546574999978,162.64453125,0.6616408624588938,0.0551724137931034,0.6064684486657903,435,435,0,24,,,4,4,,,,,,,,,0.0579768823684892,0.3869737493459899,0.471241378405591,0.5478632645622449,0.606192675275632,0.8275862068965517,0.0,0.0,0.0,0.0,0.0,,,,,,,74,0.1701149425287356,0.2297297297297297,0.7083333333333334,False,70,0.160919540229885,0.2428571428571428,0.7083333333333334,False,67,0.1540229885057471,0.2537313432835821,0.7083333333333334,False,55,0.1264367816091954,0.3090909090909091,0.7083333333333334,False,32,0.0735632183908046,0.1875,0.25,False,30,0.0689655172413793,0.2,0.25,False,29,0.0666666666666666,0.2068965517241379,0.25,False,26,0.0597701149425287,0.2307692307692307,0.25,False,E_development_7_ebicglasso_pairs.csv.gz,
E,development,8,cin,428002383,971574074,3032942879,482196182,1013757712,200,30,complete,0e846c6445ff4eac87c49db336ba714c86faa12facf8794080155c784c970d7c,,,1.1859765670000115,162.64453125,0.7881858338758161,0.0551724137931034,0.7330134200827126,435,435,0,24,,,4,4,,,,,,,,,0.0016397868090088,0.0805795523520892,0.1513013187266677,0.2030546568565352,0.2864529952824229,0.0,0.001677633826128,0.0077075750324521,0.0120936493259039,0.0424490157005687,0.0695110273326606,0.0,30.0,0.0,,0.0,,144,0.3310344827586207,0.1597222222222222,0.9583333333333334,False,40,0.0919540229885057,0.475,0.7916666666666666,False,28,0.064367816091954,0.6071428571428571,0.7083333333333334,False,22,0.0505747126436781,0.7727272727272727,0.7083333333333334,False,105,0.2413793103448276,0.1809523809523809,0.7916666666666666,False,40,0.0919540229885057,0.475,0.7916666666666666,False,28,0.064367816091954,0.6071428571428571,0.7083333333333334,False,22,0.0505747126436781,0.7727272727272727,0.7083333333333334,False,E_development_8_cin_pairs.csv.gz,
E,development,8,cin_linear,428002383,971574074,3032942879,482196182,1013757712,200,30,complete,0e846c6445ff4eac87c49db336ba714c86faa12facf8794080155c784c970d7c,,,0.9842248900000072,162.76953125,0.73665124305941,0.0551724137931034,0.6814788292663065,435,435,0,24,,,4,4,,,,,,,,,0.0017958674243928,0.0651257952086091,0.1670828042369932,0.248110668694329,0.568180811375734,0.0,0.0022364577339857,0.0135156361668111,0.0232500171643388,0.0715848483803414,0.1706016645955632,,,,,,,141,0.3241379310344827,0.1276595744680851,0.75,False,39,0.0896551724137931,0.4358974358974359,0.7083333333333334,False,26,0.0597701149425287,0.6538461538461539,0.7083333333333334,False,21,0.0482758620689655,0.8095238095238095,0.7083333333333334,False,108,0.2482758620689655,0.1574074074074074,0.7083333333333334,False,38,0.0873563218390804,0.4473684210526316,0.7083333333333334,False,26,0.0597701149425287,0.6538461538461539,0.7083333333333334,False,21,0.0482758620689655,0.8095238095238095,0.7083333333333334,False,E_development_8_cin_linear_pairs.csv.gz,
E,development,8,ebicglasso,428002383,971574074,3032942879,482196182,1013757712,200,30,complete,0e846c6445ff4eac87c49db336ba714c86faa12facf8794080155c784c970d7c,,,7.99971931500005,162.76953125,0.7477755077331552,0.0551724137931034,0.6926030939400517,435,435,0,24,,,4,4,,,,,,,,,0.0349806814319377,0.4371995457876317,0.5046643939996517,0.6026436879307463,0.7953153394401442,0.7793103448275862,0.0,0.0,0.0,0.0,0.0,,,,,,,95,0.2183908045977011,0.2105263157894736,0.8333333333333334,False,87,0.2,0.2068965517241379,0.75,False,75,0.1724137931034483,0.24,0.75,False,64,0.1471264367816092,0.28125,0.75,False,50,0.1149425287356321,0.2,0.4166666666666667,False,45,0.1034482758620689,0.2,0.375,False,39,0.0896551724137931,0.2307692307692307,0.375,False,33,0.0758620689655172,0.2727272727272727,0.375,False,E_development_8_ebicglasso_pairs.csv.gz,
E,development,9,cin,3770429351,2850516563,1245970133,1868790374,2099613339,200,30,complete,0e846c6445ff4eac87c49db336ba714c86faa12facf8794080155c784c970d7c,,,1.1734499819999655,162.76953125,0.8020593504881919,0.0551724137931034,0.7468869366950884,435,435,0,24,,,4,4,,,,,,,,,0.0012695204218919,0.0540009956993106,0.1035506281170619,0.1996616368151672,0.2098594433362324,0.0,0.0014225401142881,0.009079960513059,0.0144837931467559,0.0567436653415776,0.0884377641354719,0.0,30.0,0.0,,0.0,,150,0.3448275862068966,0.1533333333333333,0.9583333333333334,False,41,0.0942528735632183,0.4634146341463415,0.7916666666666666,False,31,0.0712643678160919,0.5806451612903226,0.75,False,25,0.057471264367816,0.68,0.7083333333333334,False,105,0.2413793103448276,0.1904761904761904,0.8333333333333334,False,41,0.0942528735632183,0.4634146341463415,0.7916666666666666,False,31,0.0712643678160919,0.5806451612903226,0.75,False,25,0.057471264367816,0.68,0.7083333333333334,False,E_development_9_cin_pairs.csv.gz,
E,development,9,cin_linear,3770429351,2850516563,1245970133,1868790374,2099613339,200,30,complete,0e846c6445ff4eac87c49db336ba714c86faa12facf8794080155c784c970d7c,,,0.9748143429999914,162.76953125,0.7533743423964206,0.0551724137931034,0.6982019286033172,435,435,0,24,,,4,4,,,,,,,,,0.0014790863327387,0.0473571827470518,0.1043134752670717,0.212951229754118,0.2310353451474585,0.0,0.001748406320867,0.009575931346139,0.0161549298729197,0.0562914303654304,0.0746400567845591,,,,,,,157,0.360919540229885,0.1210191082802547,0.7916666666666666,False,39,0.0896551724137931,0.4615384615384615,0.75,False,29,0.0666666666666666,0.5862068965517241,0.7083333333333334,False,25,0.057471264367816,0.68,0.7083333333333334,False,134,0.3080459770114943,0.1417910447761194,0.7916666666666666,False,39,0.0896551724137931,0.4615384615384615,0.75,False,29,0.0666666666666666,0.5862068965517241,0.7083333333333334,False,25,0.057471264367816,0.68,0.7083333333333334,False,E_development_9_cin_linear_pairs.csv.gz,
E,development,9,ebicglasso,3770429351,2850516563,1245970133,1868790374,2099613339,200,30,complete,0e846c6445ff4eac87c49db336ba714c86faa12facf8794080155c784c970d7c,,,12.425657676000014,162.76953125,0.7400818922370644,0.0551724137931034,0.684909478443961,435,435,0,24,,,4,4,,,,,,,,,0.0481616279762883,0.3572818393693969,0.4770483120518727,0.5436786689283724,0.5464829507226908,0.8390804597701149,0.0,0.0,0.0,0.0,0.0,,,,,,,69,0.1586206896551724,0.2608695652173913,0.75,False,64,0.1471264367816092,0.28125,0.75,False,58,0.1333333333333333,0.3103448275862069,0.75,False,50,0.1149425287356321,0.36,0.75,False,34,0.0781609195402298,0.1764705882352941,0.25,False,32,0.0735632183908046,0.1875,0.25,False,27,0.0620689655172413,0.2222222222222222,0.25,False,24,0.0551724137931034,0.25,0.25,False,E_development_9_ebicglasso_pairs.csv.gz,
F,development,0,cin,866854025,2195865754,1437630893,2742661586,4082579905,150,8,complete,0e846c6445ff4eac87c49db336ba714c86faa12facf8794080155c784c970d7c,,,0.1182289650000001,159.48046875,0.9272546897546896,0.3571428571428571,0.5701118326118326,28,28,0,10,3.0,True,3,3,1.0,0.0056972755128842,-0.0033120708531156,0.0056972755128842,-0.0033120708531156,0.0040614414785129,-0.002647903573975,-0.0079213454529733,0.0028076478302481,0.0105121593433582,0.0143142882621497,0.0155690915391676,0.015882792358422,0.0,0.0017593983319584,0.006726286810425,0.0082968534031479,0.0104302511639375,0.010968513720285,0.0,8.0,0.0,0.0004166666666666,0.0,0.0019306930693069,16,0.5714285714285714,0.625,1.0,False,7,0.25,0.8571428571428571,0.6,False,2,0.0714285714285714,1.0,0.2,False,0,0.0,,0.0,True,12,0.4285714285714285,0.75,0.9,False,7,0.25,0.8571428571428571,0.6,False,2,0.0714285714285714,1.0,0.2,False,0,0.0,,0.0,True,F_development_0_cin_pairs.csv.gz,
F,development,1,cin,206790195,2883806042,2910708632,2931069106,3510315008,150,8,complete,0e846c6445ff4eac87c49db336ba714c86faa12facf8794080155c784c970d7c,,,0.1022187580000064,159.890625,0.4286246000376435,0.3571428571428571,0.0714817428947863,28,28,0,10,3.0,True,4,4,0.3333333333333333,0.0101758985723348,-0.0073217115332721,0.0101758985723348,-0.0073217115332721,0.0071850754136052,-0.0009540720111417,-0.0001326301232633,0.0047069830687182,0.0220349366750805,0.0241338243585299,0.0260681777254429,0.0265517660671711,0.0,0.0042485904577737,0.0358521049124715,0.0393004430943923,0.0440944647941581,0.0458342938303165,0.0,8.0,0.0,0.0125,0.0,0.001039603960396,14,0.5,0.4285714285714285,0.6,False,7,0.25,0.5714285714285714,0.4,False,5,0.1785714285714285,0.4,0.2,False,3,0.1071428571428571,0.3333333333333333,0.1,False,11,0.3928571428571428,0.5454545454545454,0.6,False,7,0.25,0.5714285714285714,0.4,False,5,0.1785714285714285,0.4,0.2,False,3,0.1071428571428571,0.3333333333333333,0.1,False,F_development_1_cin_pairs.csv.gz,
F,development,2,cin,3701349812,2340026297,2242839344,3798790292,494981485,150,8,complete,0e846c6445ff4eac87c49db336ba714c86faa12facf8794080155c784c970d7c,,,0.0998420889999991,160.015625,0.7147041847041846,0.3571428571428571,0.3575613275613274,28,28,0,10,1.0,True,4,4,1.0,0.0067937340284887,-0.0023302675455856,0.0067937340284887,-0.0023302675455856,0.0046980107349284,-0.0021597055183205,-0.0082355491114034,0.0029857241748597,0.0140072804826322,0.0193875441566057,0.0242709848256475,0.0254918449929079,0.0,0.0026495303093193,0.0111041928888258,0.0193520054930555,0.0217758992412497,0.0221412203589138,0.0,8.0,0.0,0.00125,0.0,0.0015346534653465,12,0.4285714285714285,0.5833333333333334,0.7,False,5,0.1785714285714285,0.8,0.4,False,3,0.1071428571428571,0.6666666666666666,0.2,False,1,0.0357142857142857,1.0,0.1,False,10,0.3571428571428571,0.6,0.6,False,5,0.1785714285714285,0.8,0.4,False,3,0.1071428571428571,0.6666666666666666,0.2,False,1,0.0357142857142857,1.0,0.1,False,F_development_2_cin_pairs.csv.gz,
F,development,3,cin,3840426983,3901271308,1031639967,2020938176,2170692928,150,8,complete,0e846c6445ff4eac87c49db336ba714c86faa12facf8794080155c784c970d7c,,,0.1015521110000037,160.015625,0.6081734006734006,0.3571428571428571,0.2510305435305435,28,28,0,10,6.0,True,2,1,0.6666666666666666,0.0122815120197464,-0.0122815120197464,0.0122815120197464,-0.0122815120197464,0.007129071506889,-0.0066012819138025,0.0118677727143392,0.0021648844430031,0.0049147562764166,0.0049745352817313,0.005022358485983,0.0050343142870459,0.0,0.0035226932279782,0.0223470705787828,0.0353724120670009,0.0417952701113178,0.0417961870133555,0.0,8.0,0.0,0.0083333333333333,0.0,0.0016336633663366,11,0.3928571428571428,0.6363636363636364,0.7,False,1,0.0357142857142857,0.0,0.0,False,0,0.0,,0.0,True,0,0.0,,0.0,True,5,0.1785714285714285,0.8,0.4,False,0,0.0,,0.0,True,0,0.0,,0.0,True,0,0.0,,0.0,True,F_development_3_cin_pairs.csv.gz,
F,development,4,cin,3043806292,1276235514,4072393572,2373779094,3819364911,150,8,complete,0e846c6445ff4eac87c49db336ba714c86faa12facf8794080155c784c970d7c,,,0.1074150649999978,160.015625,0.6408095238095238,0.3571428571428571,0.2836666666666667,28,28,0,10,4.0,True,2,2,0.5,0.0102049861909704,-0.0102049861909704,0.0102049861909704,-0.0102049861909704,0.0045931780075421,-0.0045796151848373,0.0078636949053748,0.0010479218932247,0.0047148855828436,0.0054883953593471,0.00610720318055,0.0062619051358507,0.0,0.0017601683357224,0.0055172697715463,0.009299026678546,0.0164511014790644,0.0188120879929064,0.0,8.0,0.0,0.0,0.0,0.0373450233573184,6,0.2142857142857142,0.6666666666666666,0.4,False,1,0.0357142857142857,1.0,0.1,False,0,0.0,,0.0,True,0,0.0,,0.0,True,4,0.1428571428571428,1.0,0.4,False,1,0.0357142857142857,1.0,0.1,False,0,0.0,,0.0,True,0,0.0,,0.0,True,F_development_4_cin_pairs.csv.gz,
F,development,5,cin,2049871326,1436932963,1122529763,1244618481,1554069976,150,8,complete,0e846c6445ff4eac87c49db336ba714c86faa12facf8794080155c784c970d7c,,,0.1371931820000043,160.015625,0.6356404598452653,0.3571428571428571,0.2784976027024081,28,28,0,10,2.0,True,2,2,1.0,0.0074664682130294,-0.0074664682130294,0.0074664682130294,-0.0074664682130294,0.0034242021672886,-0.0029149336776148,-0.0022373405198812,0.0018573878047307,0.0036135746668613,0.0042739842420101,0.0048874693492179,0.0050408406260199,0.0,0.0010987556974981,0.0028451372711119,0.0037150338246412,0.0052829018073008,0.0057770028273492,0.0,8.0,0.0,0.0,0.0,0.0271288316806592,12,0.4285714285714285,0.4166666666666667,0.5,False,1,0.0357142857142857,1.0,0.1,False,0,0.0,,0.0,True,0,0.0,,0.0,True,11,0.3928571428571428,0.4545454545454545,0.5,False,1,0.0357142857142857,1.0,0.1,False,0,0.0,,0.0,True,0,0.0,,0.0,True,F_development_5_cin_pairs.csv.gz,
F,development,6,cin,3641263947,3185969294,1219050684,3616640785,186818341,150,8,complete,0e846c6445ff4eac87c49db336ba714c86faa12facf8794080155c784c970d7c,,,0.1052057690000012,160.015625,0.5291948791948792,0.3571428571428571,0.172052022052022,28,28,0,10,3.0,True,4,4,0.6666666666666666,0.0100693474549842,-0.0053315739411947,0.0100693474549842,-0.0053315739411947,0.0044990987400132,-0.0021185909969921,-0.0078240095597985,0.0012917941804151,0.0036305512801162,0.0211163203612405,0.0380872980904876,0.0423300425227993,0.0,0.000442489196841,0.0077082308234775,0.0080970286320403,0.0107225704117935,0.0116323239898317,0.0,8.0,0.0,0.0,0.0,0.0788207786040496,12,0.4285714285714285,0.5,0.6,False,1,0.0357142857142857,1.0,0.1,False,1,0.0357142857142857,1.0,0.1,False,1,0.0357142857142857,1.0,0.1,False,10,0.3571428571428571,0.5,0.5,False,1,0.0357142857142857,1.0,0.1,False,1,0.0357142857142857,1.0,0.1,False,1,0.0357142857142857,1.0,0.1,False,F_development_6_cin_pairs.csv.gz,
F,development,7,cin,759968233,3691900734,2432568870,1030072574,981503156,150,8,complete,0e846c6445ff4eac87c49db336ba714c86faa12facf8794080155c784c970d7c,,,0.1070776150000014,160.015625,0.8239213564213563,0.3571428571428571,0.4667784992784992,28,28,0,10,3.0,True,3,3,1.0,0.005709752978802,-0.005709752978802,0.005709752978802,-0.005709752978802,0.0025786965073276,-0.0021777043495255,-0.0066296980384113,0.0016182853051352,0.0086039520771544,0.0097464254353827,0.0104754519111575,0.0106577085301011,0.0,0.0001045553411558,0.0036124265452946,0.0057778338344986,0.0065433883725634,0.0067417854944177,0.0,8.0,0.0,0.0,0.0,0.0446314326897328,12,0.4285714285714285,0.75,0.9,False,3,0.1071428571428571,0.6666666666666666,0.2,False,1,0.0357142857142857,1.0,0.1,False,0,0.0,,0.0,True,11,0.3928571428571428,0.8181818181818182,0.9,False,3,0.1071428571428571,0.6666666666666666,0.2,False,1,0.0357142857142857,1.0,0.1,False,0,0.0,,0.0,True,F_development_7_cin_pairs.csv.gz,
F,development,8,cin,4264559856,3897045534,4262300672,4179744998,1222170120,150,8,complete,0e846c6445ff4eac87c49db336ba714c86faa12facf8794080155c784c970d7c,,,0.1058252249999966,160.015625,0.6068079866992909,0.3571428571428571,0.2496651295564337,28,28,0,10,1.0,True,4,4,1.0,0.0067825156456834,-0.0019971612626749,0.0067825156456834,-0.0019971612626749,0.0044342235673035,-0.0005226067067235,-0.0035439420060062,0.0039045549296406,0.0120151627125219,0.0150325926240345,0.0192374992304187,0.0202887258820148,0.0,0.0013124056495418,0.0148423926455695,0.0218739672684176,0.0339210295400841,0.0381579915711553,0.0,8.0,0.0,0.0075,0.0,0.001039603960396,14,0.5,0.5,0.7,False,7,0.25,0.5714285714285714,0.4,False,4,0.1428571428571428,0.75,0.3,False,1,0.0357142857142857,1.0,0.1,False,13,0.4642857142857143,0.4615384615384615,0.6,False,7,0.25,0.5714285714285714,0.4,False,4,0.1428571428571428,0.75,0.3,False,1,0.0357142857142857,1.0,0.1,False,F_development_8_cin_pairs.csv.gz,
F,development,9,cin,2133644466,2051281668,1409352954,1006704809,752290810,150,8,complete,0e846c6445ff4eac87c49db336ba714c86faa12facf8794080155c784c970d7c,,,0.1047072559999975,160.015625,0.5504420579420579,0.3571428571428571,0.1932992007992007,28,28,0,10,4.0,True,4,4,0.75,0.0089103961912196,-0.0048257501375479,0.0089103961912196,-0.0048257501375479,0.0046509581428035,-0.0016299389135379,-0.0093363696365525,0.003165334677321,0.0075169863610036,0.0132319200242352,0.0235876390090997,0.0261765687553159,0.0,0.00152732897208,0.0056567905615005,0.007535230738479,0.0161436663412197,0.0191597295257677,0.0,8.0,0.0,0.0004166666666666,0.0,0.0016336633663366,15,0.5357142857142857,0.4666666666666667,0.7,False,5,0.1785714285714285,0.4,0.2,False,1,0.0357142857142857,1.0,0.1,False,1,0.0357142857142857,1.0,0.1,False,12,0.4285714285714285,0.5,0.6,False,5,0.1785714285714285,0.4,0.2,False,1,0.0357142857142857,1.0,0.1,False,1,0.0357142857142857,1.0,0.1,False,F_development_9_cin_pairs.csv.gz,
G,development,0,cin,3499978619,851909251,1951540337,4055556934,107889247,150,6,complete,0e846c6445ff4eac87c49db336ba714c86faa12facf8794080155c784c970d7c,,,0.1398914630000263,159.30078125,0.9999999999999998,0.4666666666666667,0.5333333333333331,15,15,0,7,7.0,True,4,4,1.0,0.0232126933507402,-0.0193705391726493,0.0232126933507402,-0.0193705391726493,0.0131382243965738,-0.0102739911091089,-0.115467288376576,0.04474756671164,0.060033356688531,0.0681250580342775,0.0745984191108747,0.076216759380024,0.0,0.00983298319669,0.0253372320988343,0.0290110918200036,0.033050399562152,0.0340602264976891,0.0,6.0,0.0,0.0133333333333333,0.0,0.0023152709359605,10,0.6666666666666666,0.7,1.0,False,8,0.5333333333333333,0.875,1.0,False,7,0.4666666666666667,1.0,1.0,False,6,0.4,1.0,0.8571428571428571,False,9,0.6,0.7777777777777778,1.0,False,8,0.5333333333333333,0.875,1.0,False,7,0.4666666666666667,1.0,1.0,False,6,0.4,1.0,0.8571428571428571,False,G_development_0_cin_pairs.csv.gz,
G,development,1,cin,2517223189,2707734806,3062796871,1660254367,1853918687,150,6,complete,0e846c6445ff4eac87c49db336ba714c86faa12facf8794080155c784c970d7c,,,0.1200428549999514,159.84375,0.9404761904761902,0.4666666666666667,0.4738095238095235,15,15,0,7,7.0,True,4,4,0.8571428571428571,0.0270636024264834,-0.0100053482244158,0.0270636024264834,-0.0100053482244158,0.016368382425332,-0.0073002856446862,-0.1559943649749131,0.0389749399890222,0.0873500350336716,0.0941338571313422,0.0995609148094788,0.1009176792290129,0.0,0.0092128647711068,0.0321645080230825,0.0406252695391633,0.0483419207797266,0.0502710835898674,0.0,6.0,0.0,0.0188888888888888,0.0,0.0025123152709359,9,0.6,0.6666666666666666,0.8571428571428571,False,6,0.4,1.0,0.8571428571428571,False,6,0.4,1.0,0.8571428571428571,False,6,0.4,1.0,0.8571428571428571,False,8,0.5333333333333333,0.75,0.8571428571428571,False,6,0.4,1.0,0.8571428571428571,False,6,0.4,1.0,0.8571428571428571,False,6,0.4,1.0,0.8571428571428571,False,G_development_1_cin_pairs.csv.gz,
G,development,2,cin,106586968,1665305562,1926077832,471939041,1958302254,150,6,complete,0e846c6445ff4eac87c49db336ba714c86faa12facf8794080155c784c970d7c,,,0.1207590039999786,159.96875,0.982142857142857,0.4666666666666667,0.5154761904761903,15,15,0,7,7.0,True,4,4,1.0,0.0392912721531043,-0.0392912721531043,0.0392912721531043,-0.0392912721531043,0.0229075348541019,-0.0197977775772308,-0.1425541864460174,0.0201082700363415,0.0485224282587015,0.0760378833964762,0.098050247506696,0.1035533385342509,0.0,0.0125746772376166,0.0398179585269941,0.0598389800608045,0.0940386673608296,0.1025885891858358,0.0,6.0,0.0,0.0244444444444444,0.0,0.0023152709359605,10,0.6666666666666666,0.7,1.0,False,8,0.5333333333333333,0.875,1.0,False,7,0.4666666666666667,0.8571428571428571,0.8571428571428571,False,5,0.3333333333333333,1.0,0.7142857142857143,False,8,0.5333333333333333,0.75,0.8571428571428571,False,7,0.4666666666666667,0.8571428571428571,0.8571428571428571,False,7,0.4666666666666667,0.8571428571428571,0.8571428571428571,False,5,0.3333333333333333,1.0,0.7142857142857143,False,G_development_2_cin_pairs.csv.gz,
G,development,3,cin,2393160722,3257179616,3340554645,1694573021,351204373,150,6,complete,0e846c6445ff4eac87c49db336ba714c86faa12facf8794080155c784c970d7c,,,0.1200257159999864,159.96875,0.9999999999999998,0.4666666666666667,0.5333333333333331,15,15,0,7,7.0,True,4,4,1.0,0.0351852428757379,-0.0344929165665987,0.0351852428757379,-0.0344929165665987,0.0191872855404855,-0.0171146095236745,-0.095737232220426,0.0182957524539299,0.048222484698534,0.05194518082473,0.0549233377256869,0.0556678769509261,0.0,0.0032139633289358,0.0149464402878345,0.0201867408216414,0.0226652448444895,0.0232848708502015,0.0,6.0,0.0,0.0033333333333333,0.0,0.0018226600985221,10,0.6666666666666666,0.7,1.0,False,9,0.6,0.7777777777777778,1.0,False,7,0.4666666666666667,1.0,1.0,False,5,0.3333333333333333,1.0,0.7142857142857143,False,9,0.6,0.7777777777777778,1.0,False,9,0.6,0.7777777777777778,1.0,False,7,0.4666666666666667,1.0,1.0,False,5,0.3333333333333333,1.0,0.7142857142857143,False,G_development_3_cin_pairs.csv.gz,
G,development,4,cin,1940337910,3408883936,3224411418,215013047,3645452067,150,6,complete,0e846c6445ff4eac87c49db336ba714c86faa12facf8794080155c784c970d7c,,,0.1246785199999749,160.09375,0.9999999999999998,0.4666666666666667,0.5333333333333331,15,15,0,7,7.0,True,4,4,1.0,0.0204310285777579,-0.0098543807475127,0.0204310285777579,-0.0098543807475127,0.0114848990337191,-0.0061237907004811,-0.1695910406550601,0.0568246626050429,0.079069332502032,0.0876194125169733,0.0944594765289263,0.0961694925319146,0.0,0.0079641714614397,0.025934234361718,0.034021475279246,0.0460435129339542,0.0490490223476312,0.0,6.0,0.0,0.0237037037037037,0.0,0.0023152709359605,9,0.6,0.7777777777777778,1.0,False,7,0.4666666666666667,1.0,1.0,False,7,0.4666666666666667,1.0,1.0,False,7,0.4666666666666667,1.0,1.0,False,9,0.6,0.7777777777777778,1.0,False,7,0.4666666666666667,1.0,1.0,False,7,0.4666666666666667,1.0,1.0,False,7,0.4666666666666667,1.0,1.0,False,G_development_4_cin_pairs.csv.gz,
G,development,5,cin,3215595650,2850924431,142707790,1929069601,3925716132,150,6,complete,0e846c6445ff4eac87c49db336ba714c86faa12facf8794080155c784c970d7c,,,0.1196803600000748,160.09375,0.9999999999999998,0.4666666666666667,0.5333333333333331,15,15,0,7,7.0,True,4,4,1.0,0.0221948596285427,-0.0142982761768045,0.0221948596285427,-0.0142982761768045,0.0132307575049094,-0.0061169489480848,-0.2252376387904268,0.0319986161443515,0.0698320690936583,0.0877670947807044,0.1021151153303413,0.1057021204677505,0.0,0.0045116709204637,0.0343695338982774,0.0428761977020191,0.0543220000802395,0.0571834506747947,0.0,6.0,0.0,0.0244444444444444,0.0,0.0019211822660098,11,0.7333333333333333,0.6363636363636364,1.0,False,9,0.6,0.7777777777777778,1.0,False,8,0.5333333333333333,0.875,1.0,False,6,0.4,1.0,0.8571428571428571,False,11,0.7333333333333333,0.6363636363636364,1.0,False,9,0.6,0.7777777777777778,1.0,False,8,0.5333333333333333,0.875,1.0,False,6,0.4,1.0,0.8571428571428571,False,G_development_5_cin_pairs.csv.gz,
G,development,6,cin,3594556003,2450494082,823106839,3901613784,3469089310,150,6,complete,0e846c6445ff4eac87c49db336ba714c86faa12facf8794080155c784c970d7c,,,0.1192635510000172,160.09375,0.9999999999999998,0.4666666666666667,0.5333333333333331,15,15,0,7,7.0,True,4,4,1.0,0.0341442221887843,-0.0167348674317732,0.0341442221887843,-0.0167348674317732,0.0201115002000196,-0.0096909889092016,-0.1451041985420991,0.0346745948247548,0.0657512696118064,0.0838725145600961,0.0983695105187278,0.1019937595083857,0.0,0.0138748077764231,0.0285475111781867,0.0454266739199268,0.0752591635947435,0.0827172860134477,0.0,6.0,0.0,0.0111111111111111,0.0,0.0022167487684729,9,0.6,0.7777777777777778,1.0,False,8,0.5333333333333333,0.875,1.0,False,8,0.5333333333333333,0.875,1.0,False,6,0.4,1.0,0.8571428571428571,False,8,0.5333333333333333,0.875,1.0,False,7,0.4666666666666667,1.0,1.0,False,7,0.4666666666666667,1.0,1.0,False,6,0.4,1.0,0.8571428571428571,False,G_development_6_cin_pairs.csv.gz,
G,development,7,cin,2001151553,529553624,3912774349,4118267640,1884333178,150,6,complete,0e846c6445ff4eac87c49db336ba714c86faa12facf8794080155c784c970d7c,,,0.1183860999999524,160.09375,0.9999999999999998,0.4666666666666667,0.5333333333333331,15,15,0,7,7.0,True,4,4,1.0,0.0364377913361572,-0.0364377913361572,0.0364377913361572,-0.0364377913361572,0.024298990335519,-0.0238749657812053,-0.1620735305711418,0.0342308749923597,0.0587336584637073,0.0626883449898406,0.0658520942107472,0.0666430315159739,0.0,0.0092347616876201,0.0281119141776593,0.0316521221092999,0.0337004859949949,0.0342125769664187,0.0,6.0,0.0,0.0237037037037037,0.0,0.0015270935960591,8,0.5333333333333333,0.875,1.0,False,7,0.4666666666666667,1.0,1.0,False,7,0.4666666666666667,1.0,1.0,False,6,0.4,1.0,0.8571428571428571,False,8,0.5333333333333333,0.875,1.0,False,7,0.4666666666666667,1.0,1.0,False,7,0.4666666666666667,1.0,1.0,False,6,0.4,1.0,0.8571428571428571,False,G_development_7_cin_pairs.csv.gz,
G,development,8,cin,4213944493,3744393510,1138261787,2253678260,644029590,150,6,complete,0e846c6445ff4eac87c49db336ba714c86faa12facf8794080155c784c970d7c,,,0.1171780239999407,160.09375,0.889848246991104,0.4666666666666667,0.4231815803244373,15,15,0,7,7.0,True,4,4,0.8571428571428571,0.0396320969964337,-0.001077605780636,0.0396320969964337,-0.001077605780636,0.0261286323516274,-0.0025091463489773,-0.1771142300318313,0.0453015759635828,0.1329437698021731,0.1673086884747819,0.1948006234128689,0.2016736071473907,0.0,0.0191123516803149,0.0672327931163108,0.0795410546376104,0.0797488000981527,0.0798007364632882,0.0,6.0,0.0,0.0388888888888888,0.0,0.0022167487684729,8,0.5333333333333333,0.75,0.8571428571428571,False,8,0.5333333333333333,0.75,0.8571428571428571,False,7,0.4666666666666667,0.8571428571428571,0.8571428571428571,False,6,0.4,0.8333333333333334,0.7142857142857143,False,7,0.4666666666666667,0.7142857142857143,0.7142857142857143,False,7,0.4666666666666667,0.7142857142857143,0.7142857142857143,False,6,0.4,0.8333333333333334,0.7142857142857143,False,6,0.4,0.8333333333333334,0.7142857142857143,False,G_development_8_cin_pairs.csv.gz,
G,development,9,cin,2009912031,3758927237,3414318630,4187270261,1024732304,150,6,complete,0e846c6445ff4eac87c49db336ba714c86faa12facf8794080155c784c970d7c,,,0.117757445000052,160.09375,0.9999999999999998,0.4666666666666667,0.5333333333333331,15,15,0,7,7.0,True,4,4,1.0,0.0306024258901546,-0.0155613513887195,0.0306024258901546,-0.0155613513887195,0.019447334564994,-0.0119083389825454,-0.10694596255956,0.0153046328091244,0.0748955058016745,0.0820405985350022,0.0877566727216643,0.0891856912683299,0.0,0.0089438906192157,0.0219073518064708,0.02967567706855,0.0438413563240503,0.0473827761379254,0.0,6.0,0.0,0.0118518518518518,0.0,0.001231527093596,9,0.6,0.7777777777777778,1.0,False,7,0.4666666666666667,1.0,1.0,False,6,0.4,1.0,0.8571428571428571,False,4,0.2666666666666666,1.0,0.5714285714285714,False,7,0.4666666666666667,0.8571428571428571,0.8571428571428571,False,6,0.4,1.0,0.8571428571428571,False,5,0.3333333333333333,1.0,0.7142857142857143,False,4,0.2666666666666666,1.0,0.5714285714285714,False,G_development_9_cin_pairs.csv.gz,
H,development,0,cin,2105592468,313944752,1323207029,1401687426,2805993461,150,8,complete,0e846c6445ff4eac87c49db336ba714c86faa12facf8794080155c784c970d7c,,,0.3721096370000012,159.25390625,1.0,0.1428571428571428,0.8571428571428572,28,28,0,4,,,4,4,,,,,,,,-0.0601441170030287,0.0050949794679311,0.0625037994176508,0.0796240439688189,0.0933202396097534,0.096744288519987,0.0,0.0021943806999628,0.0106225700676518,0.0114414037035237,0.0219471919656937,0.0257037151112753,0.0,8.0,0.0,0.0566666666666666,0.0,0.0031188118811881,9,0.3214285714285714,0.4444444444444444,1.0,False,5,0.1785714285714285,0.8,1.0,False,4,0.1428571428571428,1.0,1.0,False,3,0.1071428571428571,1.0,0.75,False,8,0.2857142857142857,0.5,1.0,False,4,0.1428571428571428,1.0,1.0,False,4,0.1428571428571428,1.0,1.0,False,3,0.1071428571428571,1.0,0.75,False,H_development_0_cin_pairs.csv.gz,
H,development,1,cin,316203142,4063663286,582428076,2766251808,2202003069,150,8,complete,0e846c6445ff4eac87c49db336ba714c86faa12facf8794080155c784c970d7c,,,0.3422747850000007,159.796875,0.8928571428571428,0.1428571428571428,0.75,28,28,0,4,,,4,4,,,,,,,,-0.0582650279657989,0.0043370705459611,0.0453585499930161,0.0811763966786922,0.1098306740272332,0.1169942433643685,0.0,0.0060126676243629,0.0276384387644777,0.041806254507501,0.0508896141206756,0.0531343230571292,0.0,8.0,0.0,0.0833333333333333,0.0,0.0042079207920792,9,0.3214285714285714,0.4444444444444444,1.0,False,3,0.1071428571428571,1.0,0.75,False,3,0.1071428571428571,1.0,0.75,False,2,0.0714285714285714,1.0,0.5,False,7,0.25,0.4285714285714285,0.75,False,3,0.1071428571428571,1.0,0.75,False,3,0.1071428571428571,1.0,0.75,False,2,0.0714285714285714,1.0,0.5,False,H_development_1_cin_pairs.csv.gz,
H,development,2,cin,340727956,1680981052,1882662359,3357991747,3989356232,150,8,complete,0e846c6445ff4eac87c49db336ba714c86faa12facf8794080155c784c970d7c,,,0.3415362290000061,159.921875,1.0,0.1428571428571428,0.8571428571428572,28,28,0,4,,,4,4,,,,,,,,-0.0642433973049607,0.0010954360568595,0.0552923231543965,0.062307793322998,0.0633927746898201,0.0636640200315256,0.0,0.0021468109220693,0.0144471657596095,0.0220894364275613,0.0318025190953009,0.0349642913821118,0.0,8.0,0.0,0.1166666666666666,0.0,0.0035148514851485,15,0.5357142857142857,0.2666666666666666,1.0,False,4,0.1428571428571428,1.0,1.0,False,4,0.1428571428571428,1.0,1.0,False,3,0.1071428571428571,1.0,0.75,False,11,0.3928571428571428,0.3636363636363636,1.0,False,4,0.1428571428571428,1.0,1.0,False,4,0.1428571428571428,1.0,1.0,False,3,0.1071428571428571,1.0,0.75,False,H_development_2_cin_pairs.csv.gz,
H,development,3,cin,3648060764,693653382,3658655963,4148189510,1711730941,150,8,complete,0e846c6445ff4eac87c49db336ba714c86faa12facf8794080155c784c970d7c,,,0.3392284059999966,159.921875,1.0,0.1428571428571428,0.8571428571428572,28,28,0,4,,,4,4,,,,,,,,-0.0797072040676228,0.0033476701717246,0.0761594142825962,0.0780651580468623,0.0795897530582752,0.0799709018111284,0.0,0.0021385660251234,0.0094881101665663,0.013011967367837,0.0292676304192636,0.0347281094851092,0.0,8.0,0.0,0.06,0.0,0.0042079207920792,9,0.3214285714285714,0.4444444444444444,1.0,False,4,0.1428571428571428,1.0,1.0,False,4,0.1428571428571428,1.0,1.0,False,4,0.1428571428571428,1.0,1.0,False,8,0.2857142857142857,0.5,1.0,False,4,0.1428571428571428,1.0,1.0,False,4,0.1428571428571428,1.0,1.0,False,4,0.1428571428571428,1.0,1.0,False,H_development_3_cin_pairs.csv.gz,
H,development,4,cin,2741165097,805134380,1404874920,839276943,1150120601,150,8,complete,0e846c6445ff4eac87c49db336ba714c86faa12facf8794080155c784c970d7c,,,0.3386290390000042,159.921875,1.0,0.1428571428571428,0.8571428571428572,28,28,0,4,,,4,4,,,,,,,,-0.0525720366674713,0.0142309280043116,0.0765294444951389,0.0958350269593389,0.1112794929306989,0.1151406094235389,0.0,0.004354417063121,0.0229401269592498,0.026942662251405,0.0428264647094166,0.0482431353542383,0.0,8.0,0.0,0.1133333333333333,0.0,0.0035148514851485,8,0.2857142857142857,0.5,1.0,False,4,0.1428571428571428,1.0,1.0,False,4,0.1428571428571428,1.0,1.0,False,4,0.1428571428571428,1.0,1.0,False,7,0.25,0.5714285714285714,1.0,False,4,0.1428571428571428,1.0,1.0,False,4,0.1428571428571428,1.0,1.0,False,4,0.1428571428571428,1.0,1.0,False,H_development_4_cin_pairs.csv.gz,
H,development,5,cin,1756655891,2723789192,3068090907,2562702854,1982897300,150,8,complete,0e846c6445ff4eac87c49db336ba714c86faa12facf8794080155c784c970d7c,,,0.3398862219999969,159.921875,1.0,0.1428571428571428,0.8571428571428572,28,28,0,4,,,4,4,,,,,,,,-0.0917044779783824,0.0062426669308463,0.0808262014125934,0.0847175096849969,0.0863621913265008,0.0867733617368767,0.0,0.0025831794851268,0.0091053919311948,0.0137276784056532,0.0237067170537609,0.0266458691138599,0.0,8.0,0.0,0.1233333333333333,0.0,0.0042079207920792,12,0.4285714285714285,0.3333333333333333,1.0,False,6,0.2142857142857142,0.6666666666666666,1.0,False,5,0.1785714285714285,0.8,1.0,False,5,0.1785714285714285,0.8,1.0,False,9,0.3214285714285714,0.4444444444444444,1.0,False,6,0.2142857142857142,0.6666666666666666,1.0,False,5,0.1785714285714285,0.8,1.0,False,5,0.1785714285714285,0.8,1.0,False,H_development_5_cin_pairs.csv.gz,
H,development,6,cin,3598945136,770637527,865033683,2232100826,3096669455,150,8,complete,0e846c6445ff4eac87c49db336ba714c86faa12facf8794080155c784c970d7c,,,0.3405805160000028,160.046875,0.8928571428571428,0.1428571428571428,0.75,28,28,0,4,,,4,4,,,,,,,,-0.0434031245738952,0.0025300069677278,0.0360385717532327,0.0716938090133807,0.1139144934220235,0.1244696645241843,0.0,0.0033669468366653,0.027523557849518,0.0350545411803035,0.0401717690994384,0.0416470464105242,0.0,8.0,0.0,0.0733333333333333,0.0,0.0039108910891089,13,0.4642857142857143,0.3076923076923077,1.0,False,4,0.1428571428571428,0.75,0.75,False,4,0.1428571428571428,0.75,0.75,False,3,0.1071428571428571,1.0,0.75,False,8,0.2857142857142857,0.375,0.75,False,4,0.1428571428571428,0.75,0.75,False,4,0.1428571428571428,0.75,0.75,False,3,0.1071428571428571,1.0,0.75,False,H_development_6_cin_pairs.csv.gz,
H,development,7,cin,1132771070,1085591172,1909649007,1311544676,3865585895,150,8,complete,0e846c6445ff4eac87c49db336ba714c86faa12facf8794080155c784c970d7c,,,0.3416515679999961,160.046875,0.95,0.1428571428571428,0.8071428571428572,28,28,0,4,,,4,4,,,,,,,,-0.0778562389958104,0.0047386354746174,0.0495895119337978,0.0612446155937225,0.0640237373891971,0.0647185178380657,0.0,0.003577413892268,0.0102316712767029,0.0166533018037421,0.020052288137541,0.0201995577792512,0.0,8.0,0.0,0.0566666666666666,0.0,0.0036138613861386,14,0.5,0.2857142857142857,1.0,False,7,0.25,0.5714285714285714,1.0,False,5,0.1785714285714285,0.8,1.0,False,4,0.1428571428571428,0.75,0.75,False,10,0.3571428571428571,0.4,1.0,False,6,0.2142857142857142,0.6666666666666666,1.0,False,5,0.1785714285714285,0.8,1.0,False,4,0.1428571428571428,0.75,0.75,False,H_development_7_cin_pairs.csv.gz,
H,development,8,cin,3058460110,2669600354,2785146102,1790000149,2602983327,150,8,complete,0e846c6445ff4eac87c49db336ba714c86faa12facf8794080155c784c970d7c,,,0.3411688229999967,160.046875,0.7884615384615384,0.1428571428571428,0.6456043956043955,28,28,0,4,,,4,4,,,,,,,,-0.0976864354996394,0.0041527468425791,0.0508444200675099,0.0684078049491801,0.0892605899980503,0.0944737862602679,0.0,0.0019275479560599,0.0140510602686267,0.0180178673936802,0.0229202475407082,0.0239716980987469,0.0,8.0,0.0,0.1033333333333333,0.0,0.0042079207920792,13,0.4642857142857143,0.2307692307692307,0.75,False,5,0.1785714285714285,0.6,0.75,False,4,0.1428571428571428,0.75,0.75,False,3,0.1071428571428571,1.0,0.75,False,12,0.4285714285714285,0.25,0.75,False,5,0.1785714285714285,0.6,0.75,False,4,0.1428571428571428,0.75,0.75,False,3,0.1071428571428571,1.0,0.75,False,H_development_8_cin_pairs.csv.gz,
H,development,9,cin,30992091,3110744215,2369407356,3958608198,3336070870,150,8,complete,0e846c6445ff4eac87c49db336ba714c86faa12facf8794080155c784c970d7c,,,0.3419570190000058,160.046875,1.0,0.1428571428571428,0.8571428571428572,28,28,0,4,,,4,4,,,,,,,,-0.0765238797756893,0.0028183529787959,0.0388640222029742,0.0467682601311872,0.0540214695602324,0.0558347719174937,0.0,0.0019046199434479,0.0182381035496607,0.0217839713609733,0.0273305219334953,0.0288670833389181,0.0,8.0,0.0,0.1033333333333333,0.0,0.0046039603960396,15,0.5357142857142857,0.2666666666666666,1.0,False,5,0.1785714285714285,0.8,1.0,False,4,0.1428571428571428,1.0,1.0,False,4,0.1428571428571428,1.0,1.0,False,14,0.5,0.2857142857142857,1.0,False,5,0.1785714285714285,0.8,1.0,False,4,0.1428571428571428,1.0,1.0,False,4,0.1428571428571428,1.0,1.0,False,H_development_9_cin_pairs.csv.gz,
I,development,0,cin,1382698238,2932750289,804788819,1528498917,3606924664,60,30,complete,0e846c6445ff4eac87c49db336ba714c86faa12facf8794080155c784c970d7c,,,2.239305038999987,161.84375,,,,435,435,0,0,0.0,False,3,3,,,,,,0.0021341805470084,-0.0004335148026211,0.0107153525064079,0.0015690417042883,0.0045261907292287,0.0054268658435273,0.0096435320881462,0.01246012392709,0.0,0.0008360632014485,0.0029707854317457,0.004438840800098,0.0082065690777905,0.0094721783654805,0.0,30.0,0.0,0.0003703703703703,0.0,0.0003614457831325,178,0.4091954022988506,0.0,,False,13,0.0298850574712643,0.0,,False,1,0.0022988505747126,0.0,,False,0,0.0,,,True,143,0.328735632183908,0.0,,False,13,0.0298850574712643,0.0,,False,1,0.0022988505747126,0.0,,False,0,0.0,,,True,I_development_0_cin_pairs.csv.gz,
I,development,1,cin,3447003764,3149451575,1573820980,1852338550,3140886711,60,30,complete,0e846c6445ff4eac87c49db336ba714c86faa12facf8794080155c784c970d7c,,,2.2013139560000354,162.26171875,,,,435,435,0,0,0.0,False,4,4,,,,,,0.0033803145435448,-0.0001606542257546,0.0171047027840567,0.0016730616888012,0.0082253548300528,0.0140749849352997,0.0348813503662189,0.056883551596757,0.0,0.0009625795241373,0.0074122267111635,0.0129424108677273,0.0420027045569662,0.108081083872573,0.0,30.0,0.0,0.0059259259259259,0.0,0.0006024096385542,175,0.4022988505747126,0.0,,False,37,0.0850574712643678,0.0,,False,15,0.0344827586206896,0.0,,False,6,0.0137931034482758,0.0,,False,135,0.3103448275862069,0.0,,False,32,0.0735632183908046,0.0,,False,12,0.0275862068965517,0.0,,False,4,0.0091954022988505,0.0,,False,I_development_1_cin_pairs.csv.gz,
I,development,2,cin,3517480879,2922191861,1926049399,2431418949,3892526217,60,30,complete,0e846c6445ff4eac87c49db336ba714c86faa12facf8794080155c784c970d7c,,,2.2014307919999965,162.38671875,,,,435,435,0,0,0.0,False,4,4,,,,,,0.0035624574634418,-0.0005635964120623,0.0304900735345964,0.0017741524340503,0.0067701196161107,0.013695905745234,0.0354761933856004,0.0477079541637499,0.0,0.0008704326510428,0.0081883712436466,0.0210866505241918,0.0626034721526559,0.10453132549141,0.0,30.0,0.0,0.0037037037037037,0.0,0.0001204819277108,173,0.3977011494252873,0.0,,False,28,0.064367816091954,0.0,,False,13,0.0298850574712643,0.0,,False,6,0.0137931034482758,0.0,,False,135,0.3103448275862069,0.0,,False,21,0.0482758620689655,0.0,,False,9,0.0206896551724137,0.0,,False,4,0.0091954022988505,0.0,,False,I_development_2_cin_pairs.csv.gz,
I,development,3,cin,3662320708,2061588706,628720650,3747292283,1506410164,60,30,complete,0e846c6445ff4eac87c49db336ba714c86faa12facf8794080155c784c970d7c,,,2.205169746000024,162.38671875,,,,435,435,0,0,0.0,False,4,4,,,,,,0.0030414956464868,-0.0004121508691431,0.0216109284859252,0.0018180441481313,0.008154475588706,0.0108200523536729,0.0217140093884447,0.0262590110970525,0.0,0.0010214915720266,0.0058606693207202,0.0116049055022692,0.0377678661572661,0.0526431709900668,0.0,30.0,0.0,0.0059259259259259,0.0,0.0008433734939759,171,0.3931034482758621,0.0,,False,35,0.0804597701149425,0.0,,False,11,0.025287356321839,0.0,,False,5,0.0114942528735632,0.0,,False,140,0.3218390804597701,0.0,,False,30,0.0689655172413793,0.0,,False,8,0.0183908045977011,0.0,,False,4,0.0091954022988505,0.0,,False,I_development_3_cin_pairs.csv.gz,
I,development,4,cin,1510816185,1744658091,536820926,2819287924,1711252012,60,30,complete,0e846c6445ff4eac87c49db336ba714c86faa12facf8794080155c784c970d7c,,,2.194238307999967,162.38671875,,,,435,435,0,0,0.0,False,4,4,,,,,,0.0049746935232581,-0.0011236588657205,0.0316882852153262,0.0022198692230449,0.01262301158926,0.0208510021899184,0.0326943750127824,0.0445247361469244,0.0,0.0013042033640579,0.019902496814775,0.0372026106872535,0.069658014011761,0.1299491427276477,0.0,30.0,0.0,0.0059259259259259,0.0,0.0001204819277108,175,0.4022988505747126,0.0,,False,48,0.1103448275862069,0.0,,False,23,0.0528735632183908,0.0,,False,10,0.0229885057471264,0.0,,False,132,0.3034482758620689,0.0,,False,40,0.0919540229885057,0.0,,False,17,0.0390804597701149,0.0,,False,8,0.0183908045977011,0.0,,False,I_development_4_cin_pairs.csv.gz,
I,development,5,cin,867443374,3062070599,1446058960,2442810486,1660846441,60,30,complete,0e846c6445ff4eac87c49db336ba714c86faa12facf8794080155c784c970d7c,,,2.2006135319999203,162.38671875,,,,435,435,0,0,0.0,False,3,3,,,,,,0.002293862075206,-0.0003570974566107,0.0078495393901723,0.0017113415326253,0.0057378837417553,0.0085212419107212,0.0107434270773119,0.0135396511183049,0.0,0.0008551643610276,0.0028501118794759,0.0040185742020879,0.0065845437611863,0.0111828784728572,0.0,30.0,0.0,0.0,0.0,0.0192475609568947,163,0.3747126436781609,0.0,,False,24,0.0551724137931034,0.0,,False,4,0.0091954022988505,0.0,,False,0,0.0,,,True,132,0.3034482758620689,0.0,,False,24,0.0551724137931034,0.0,,False,4,0.0091954022988505,0.0,,False,0,0.0,,,True,I_development_5_cin_pairs.csv.gz,
I,development,6,cin,2055486105,1969235814,3402546790,1690990045,373633769,60,30,complete,0e846c6445ff4eac87c49db336ba714c86faa12facf8794080155c784c970d7c,,,2.2250865760000806,162.51171875,,,,435,435,0,0,0.0,False,4,4,,,,,,0.0035152713052064,-0.0003343419832195,0.0195544079362484,0.0021284892500378,0.0088393310693549,0.0141622876264314,0.0304660147353887,0.0331259229940194,0.0,0.000883129814919,0.0089660462189073,0.0183292952471919,0.0534136838768477,0.0754592256199088,0.0,30.0,0.0,0.004074074074074,0.0,0.0018072289156626,173,0.3977011494252873,0.0,,False,41,0.0942528735632183,0.0,,False,16,0.0367816091954023,0.0,,False,6,0.0137931034482758,0.0,,False,137,0.3149425287356321,0.0,,False,34,0.0781609195402298,0.0,,False,12,0.0275862068965517,0.0,,False,4,0.0091954022988505,0.0,,False,I_development_6_cin_pairs.csv.gz,
I,development,7,cin,3285914918,1587515273,3088126241,3693516481,662419751,60,30,complete,0e846c6445ff4eac87c49db336ba714c86faa12facf8794080155c784c970d7c,,,2.2007167539999277,162.51171875,,,,435,435,0,0,0.0,False,4,4,,,,,,0.0038535749042622,-0.0004269042154599,0.0167515699409356,0.0016644210623956,0.0090739449529717,0.0181168240988586,0.0392214241894788,0.0736863571109613,0.0,0.0009055077185709,0.0092577770373459,0.0226097126004491,0.0638615329097731,0.1600181831325693,0.0,30.0,0.0,0.007037037037037,0.0,0.0006024096385542,175,0.4022988505747126,0.0,,False,34,0.0781609195402298,0.0,,False,15,0.0344827586206896,0.0,,False,8,0.0183908045977011,0.0,,False,131,0.3011494252873563,0.0,,False,31,0.0712643678160919,0.0,,False,14,0.032183908045977,0.0,,False,8,0.0183908045977011,0.0,,False,I_development_7_cin_pairs.csv.gz,
I,development,8,cin,85762,518562257,536244250,2079215631,2477704226,60,30,complete,0e846c6445ff4eac87c49db336ba714c86faa12facf8794080155c784c970d7c,,,2.19223639300003,162.51171875,,,,435,435,0,0,0.0,False,4,4,,,,,,0.0028081501558704,-0.0003501915641083,0.0150838106667391,0.0016192413886578,0.0063137150542046,0.0086508969513153,0.0269991727926002,0.0501115345072896,0.0,0.0008927314193525,0.0039047244728555,0.0103918979701922,0.048102266751994,0.0927700232570177,0.0,30.0,0.0,0.0011111111111111,0.0,0.0025063257754795,179,0.4114942528735632,0.0,,False,24,0.0551724137931034,0.0,,False,6,0.0137931034482758,0.0,,False,3,0.0068965517241379,0.0,,False,141,0.3241379310344827,0.0,,False,19,0.0436781609195402,0.0,,False,5,0.0114942528735632,0.0,,False,2,0.0045977011494252,0.0,,False,I_development_8_cin_pairs.csv.gz,
I,development,9,cin,2302558285,1932778506,850227395,599198342,1331772239,60,30,complete,0e846c6445ff4eac87c49db336ba714c86faa12facf8794080155c784c970d7c,,,2.188655688999916,162.51171875,,,,435,435,0,0,0.0,False,3,3,,,,,,0.0023744191088115,-0.0005059455817916,0.0119001831463801,0.001672372287316,0.00552931181723,0.0069516487238123,0.0089780569754456,0.0105693324726059,0.0,0.0007148779820996,0.002990947696954,0.0039552759413489,0.0065651234606321,0.0090606904675856,0.0,30.0,0.0,0.0,0.0,0.0001204819277108,166,0.3816091954022989,0.0,,False,24,0.0551724137931034,0.0,,False,1,0.0022988505747126,0.0,,False,0,0.0,,,True,142,0.3264367816091954,0.0,,False,24,0.0551724137931034,0.0,,False,1,0.0022988505747126,0.0,,False,0,0.0,,,True,I_development_9_cin_pairs.csv.gz,
regression,development,0,cin,2067651150,1414114103,36807890,3746686172,1368968128,300,14,complete,0e846c6445ff4eac87c49db336ba714c86faa12facf8794080155c784c970d7c,,,0.7349691450000009,161.70703125,0.832944697744274,0.2087912087912088,0.6241534889530652,91,91,0,21,,,4,4,,,,,,,,,0.0197959250634985,0.0388990738152387,0.0448608397257394,0.0526322093708333,0.0532096153076312,0.0,0.000619297634114,0.0042206831069465,0.0060669998923927,0.0114549162401766,0.0132774692989895,0.0,14.0,0.0,,0.0,,40,0.4395604395604395,0.475,0.9047619047619048,False,21,0.2307692307692307,0.9047619047619048,0.9047619047619048,False,21,0.2307692307692307,0.9047619047619048,0.9047619047619048,False,20,0.2197802197802197,0.9,0.8571428571428571,False,37,0.4065934065934066,0.5135135135135135,0.9047619047619048,False,21,0.2307692307692307,0.9047619047619048,0.9047619047619048,False,21,0.2307692307692307,0.9047619047619048,0.9047619047619048,False,20,0.2197802197802197,0.9,0.8571428571428571,False,regression_development_0_cin_pairs.csv.gz,
regression,development,1,cin,3862728986,2937196694,2715042103,3539005772,3560466121,300,14,complete,0e846c6445ff4eac87c49db336ba714c86faa12facf8794080155c784c970d7c,,,0.7112069820000002,162.4921875,0.973972159003526,0.2087912087912088,0.7651809502123171,91,91,0,21,,,4,4,,,,,,,,,0.0039926742258307,0.0422193005874425,0.0472716120670933,0.052835323875542,0.0528977026042969,0.0,0.0005671420640611,0.0033235575922572,0.0050554416814394,0.0134145596204584,0.0148697162461187,0.0,14.0,0.0,,0.0,,46,0.5054945054945055,0.4130434782608695,0.9047619047619048,False,21,0.2307692307692307,0.9047619047619048,0.9047619047619048,False,19,0.2087912087912088,0.9473684210526316,0.8571428571428571,False,16,0.1758241758241758,0.9375,0.7142857142857143,False,43,0.4725274725274725,0.4418604651162791,0.9047619047619048,False,21,0.2307692307692307,0.9047619047619048,0.9047619047619048,False,19,0.2087912087912088,0.9473684210526316,0.8571428571428571,False,16,0.1758241758241758,0.9375,0.7142857142857143,False,regression_development_1_cin_pairs.csv.gz,
regression,development,2,cin,1998465006,3964104317,1023867809,583513557,2636172081,300,14,complete,0e846c6445ff4eac87c49db336ba714c86faa12facf8794080155c784c970d7c,,,0.7085695119999968,162.4921875,0.8434710135337478,0.2087912087912088,0.6346798047425389,91,91,0,21,,,4,4,,,,,,,,,0.0169027619799517,0.0373765112939843,0.0424675840569496,0.0470715177680102,0.0494179188440418,0.0,0.0005783927294502,0.002947027631386,0.0047906071599964,0.0070821464101395,0.0076593765919803,0.0,14.0,0.0,,0.0,,37,0.4065934065934066,0.5135135135135135,0.9047619047619048,False,22,0.2417582417582417,0.8636363636363636,0.9047619047619048,False,20,0.2197802197802197,0.9,0.8571428571428571,False,17,0.1868131868131868,0.8823529411764706,0.7142857142857143,False,34,0.3736263736263736,0.5588235294117647,0.9047619047619048,False,22,0.2417582417582417,0.8636363636363636,0.9047619047619048,False,20,0.2197802197802197,0.9,0.8571428571428571,False,17,0.1868131868131868,0.8823529411764706,0.7142857142857143,False,regression_development_2_cin_pairs.csv.gz,
regression,development,3,cin,1042428550,4256142661,2956739165,1502389431,2597005447,300,14,complete,0e846c6445ff4eac87c49db336ba714c86faa12facf8794080155c784c970d7c,,,0.7059942799999988,162.6171875,0.8501321886159754,0.2087912087912088,0.6413409798247666,91,91,0,21,,,4,4,,,,,,,,,0.0039048581945005,0.042489467690689,0.044504999186929,0.0491394808039437,0.0494948181281844,0.0,0.0007338875941432,0.0039530171460396,0.0055429479017162,0.0099292795370377,0.0114178618763728,0.0,14.0,0.0,,0.0,,43,0.4725274725274725,0.4418604651162791,0.9047619047619048,False,21,0.2307692307692307,0.9047619047619048,0.9047619047619048,False,21,0.2307692307692307,0.9047619047619048,0.9047619047619048,False,17,0.1868131868131868,0.8823529411764706,0.7142857142857143,False,39,0.4285714285714285,0.4871794871794871,0.9047619047619048,False,21,0.2307692307692307,0.9047619047619048,0.9047619047619048,False,21,0.2307692307692307,0.9047619047619048,0.9047619047619048,False,17,0.1868131868131868,0.8823529411764706,0.7142857142857143,False,regression_development_3_cin_pairs.csv.gz,
regression,development,4,cin,481642924,1383372020,3092047566,4207296505,4162861282,300,14,complete,0e846c6445ff4eac87c49db336ba714c86faa12facf8794080155c784c970d7c,,,0.7096769619999961,162.7421875,0.9690981318303298,0.2087912087912088,0.760306923039121,91,91,0,21,,,4,4,,,,,,,,,0.0239863835211106,0.0443839830391634,0.0484782142963902,0.0565098719941153,0.0591216235180016,0.0,0.00098217615323,0.0036177198817502,0.0057514698287936,0.0094619531795831,0.0100459540723848,0.0,14.0,0.0,,0.0,,41,0.4505494505494505,0.4634146341463415,0.9047619047619048,False,21,0.2307692307692307,0.9047619047619048,0.9047619047619048,False,21,0.2307692307692307,0.9047619047619048,0.9047619047619048,False,21,0.2307692307692307,0.9047619047619048,0.9047619047619048,False,34,0.3736263736263736,0.5588235294117647,0.9047619047619048,False,21,0.2307692307692307,0.9047619047619048,0.9047619047619048,False,21,0.2307692307692307,0.9047619047619048,0.9047619047619048,False,21,0.2307692307692307,0.9047619047619048,0.9047619047619048,False,regression_development_4_cin_pairs.csv.gz,
regression,development,5,cin,2034828242,1375067188,1615734514,1404636896,3416986071,300,14,complete,0e846c6445ff4eac87c49db336ba714c86faa12facf8794080155c784c970d7c,,,0.7205892489999997,162.7421875,0.8434710135337478,0.2087912087912088,0.6346798047425389,91,91,0,21,,,4,4,,,,,,,,,0.0038248685962997,0.0345743698219799,0.0470534929863312,0.0582330629664671,0.0586374353025648,0.0,0.0006830324435256,0.0037451235735048,0.0063986463010334,0.0157264299430737,0.0285122950434119,0.0,14.0,0.0,,0.0,,48,0.5274725274725275,0.3958333333333333,0.9047619047619048,False,23,0.2527472527472527,0.8260869565217391,0.9047619047619048,False,22,0.2417582417582417,0.8636363636363636,0.9047619047619048,False,18,0.1978021978021978,0.8888888888888888,0.7619047619047619,False,43,0.4725274725274725,0.4418604651162791,0.9047619047619048,False,23,0.2527472527472527,0.8260869565217391,0.9047619047619048,False,22,0.2417582417582417,0.8636363636363636,0.9047619047619048,False,18,0.1978021978021978,0.8888888888888888,0.7619047619047619,False,regression_development_5_cin_pairs.csv.gz,
regression,development,6,cin,2756350514,251305068,3603545802,3168961687,633941233,300,14,complete,0e846c6445ff4eac87c49db336ba714c86faa12facf8794080155c784c970d7c,,,0.7170293730000026,162.7421875,0.8220532013264619,0.2087912087912088,0.613261992535253,91,91,0,21,,,4,4,,,,,,,,,0.0039964141954556,0.04329690982918,0.0567170870660793,0.0704951294186251,0.0764288605226759,0.0,0.0007767387539504,0.004055611033347,0.0047111785698693,0.009939972105819,0.0117278094507457,0.0,14.0,0.0,,0.0,,47,0.5164835164835165,0.4042553191489361,0.9047619047619048,False,22,0.2417582417582417,0.8181818181818182,0.8571428571428571,False,19,0.2087912087912088,0.8947368421052632,0.8095238095238095,False,18,0.1978021978021978,0.8888888888888888,0.7619047619047619,False,41,0.4505494505494505,0.4634146341463415,0.9047619047619048,False,22,0.2417582417582417,0.8181818181818182,0.8571428571428571,False,19,0.2087912087912088,0.8947368421052632,0.8095238095238095,False,18,0.1978021978021978,0.8888888888888888,0.7619047619047619,False,regression_development_6_cin_pairs.csv.gz,
regression,development,7,cin,3374498325,2188303879,1367928044,3171825542,4112429557,300,14,complete,0e846c6445ff4eac87c49db336ba714c86faa12facf8794080155c784c970d7c,,,0.718143345999998,162.7421875,0.8996462925031443,0.2087912087912088,0.6908550837119355,91,91,0,21,,,4,4,,,,,,,,,0.0095972557199556,0.0373454449753911,0.044341975955151,0.0547663166280279,0.0576450015030788,0.0,0.0007083084696331,0.0034245029516457,0.0042155264350034,0.0084332946286397,0.0085571843109502,0.0,14.0,0.0,,0.0,,43,0.4725274725274725,0.4418604651162791,0.9047619047619048,False,23,0.2527472527472527,0.8260869565217391,0.9047619047619048,False,21,0.2307692307692307,0.9047619047619048,0.9047619047619048,False,15,0.1648351648351648,0.9333333333333332,0.6666666666666666,False,41,0.4505494505494505,0.4634146341463415,0.9047619047619048,False,23,0.2527472527472527,0.8260869565217391,0.9047619047619048,False,21,0.2307692307692307,0.9047619047619048,0.9047619047619048,False,15,0.1648351648351648,0.9333333333333332,0.6666666666666666,False,regression_development_7_cin_pairs.csv.gz,
regression,development,8,cin,2625491142,1514786984,1047928896,996996117,3254053858,300,14,complete,0e846c6445ff4eac87c49db336ba714c86faa12facf8794080155c784c970d7c,,,0.717666003000005,162.7421875,0.938790999929249,0.2087912087912088,0.7299997911380401,91,91,0,21,,,4,4,,,,,,,,,0.0069956346756033,0.0341502749969945,0.0383308517977698,0.0466806210104982,0.0482336234893624,0.0,0.0004564396237823,0.0030742004592233,0.0056616162502173,0.0078885274853496,0.0111803381875375,0.0,14.0,0.0,,0.0,,44,0.4835164835164835,0.4318181818181818,0.9047619047619048,False,25,0.2747252747252747,0.76,0.9047619047619048,False,20,0.2197802197802197,0.9,0.8571428571428571,False,18,0.1978021978021978,0.8888888888888888,0.7619047619047619,False,42,0.4615384615384615,0.4523809523809524,0.9047619047619048,False,25,0.2747252747252747,0.76,0.9047619047619048,False,20,0.2197802197802197,0.9,0.8571428571428571,False,18,0.1978021978021978,0.8888888888888888,0.7619047619047619,False,regression_development_8_cin_pairs.csv.gz,
regression,development,9,cin,307695011,1464906205,1578425293,65723060,3921331345,300,14,complete,0e846c6445ff4eac87c49db336ba714c86faa12facf8794080155c784c970d7c,,,0.7181485749999936,162.7421875,0.9014265083313476,0.2087912087912088,0.6926352995401389,91,91,0,21,,,4,4,,,,,,,,,0.0187521428510656,0.0499857488330454,0.0513903354032053,0.0548525173922057,0.0555680813768875,0.0,0.0008419284491643,0.0051437239563496,0.0069401352733906,0.0167855337145248,0.0260227516116835,0.0,14.0,0.0,,0.0,,35,0.3846153846153846,0.5428571428571428,0.9047619047619048,False,20,0.2197802197802197,0.9,0.8571428571428571,False,18,0.1978021978021978,0.8888888888888888,0.7619047619047619,False,17,0.1868131868131868,0.8823529411764706,0.7142857142857143,False,32,0.3516483516483517,0.5625,0.8571428571428571,False,20,0.2197802197802197,0.9,0.8571428571428571,False,18,0.1978021978021978,0.8888888888888888,0.7619047619047619,False,17,0.1868131868131868,0.8823529411764706,0.7142857142857143,False,regression_development_9_cin_pairs.csv.gz,
