case,phase,replicate,method,structure_seed,sample_seed,cin_fit_seed,comparator_fit_seed,stability_seed,n,p,status,charter_sha256,generator_attempts,error_type,error,elapsed_seconds,point_fit_seconds,peak_rss_mb,ap,prevalence,ap_minus_prevalence,n_pairs_complete,n_pairs_total,n_failed_pairs,n_true_edges,n_strong_edges,strong_edge_set_available,n_nonempty_delta_views,n_nonempty_agreement_views,strong_edge_recall,delta_0_strong_recall,delta_005_strong_recall,delta_01_strong_recall,delta_02_strong_recall,oracle_cmi_mae,oracle_cmi_bias,oracle_cmi_mae_true,oracle_cmi_bias_true,oracle_cmi_mae_all,oracle_cmi_bias_all,categorical_excess_loss,n_categorical_targets,positive_weight_q50,positive_weight_q90,positive_weight_q95,positive_weight_q99,positive_weight_max,tie_fraction,orientation_gap_q50,orientation_gap_q90,orientation_gap_q95,orientation_gap_q99,orientation_gap_max,variance_floor_hits,variance_floor_observations,variance_floor_hit_rate,probability_clipped_fraction,zero_sum_fallbacks,minimum_probability,delta_0_displayed_count,delta_0_displayed_fraction,delta_0_precision,delta_0_recall,delta_0_empty,delta_005_displayed_count,delta_005_displayed_fraction,delta_005_precision,delta_005_recall,delta_005_empty,delta_01_displayed_count,delta_01_displayed_fraction,delta_01_precision,delta_01_recall,delta_01_empty,delta_02_displayed_count,delta_02_displayed_fraction,delta_02_precision,delta_02_recall,delta_02_empty,agreement_delta_0_displayed_count,agreement_delta_0_displayed_fraction,agreement_delta_0_precision,agreement_delta_0_recall,agreement_delta_0_empty,agreement_delta_005_displayed_count,agreement_delta_005_displayed_fraction,agreement_delta_005_precision,agreement_delta_005_recall,agreement_delta_005_empty,agreement_delta_01_displayed_count,agreement_delta_01_displayed_fraction,agreement_delta_01_precision,agreement_delta_01_recall,agreement_delta_01_empty,agreement_delta_02_displayed_count,agreement_delta_02_displayed_fraction,agreement_delta_02_precision,agreement_delta_02_recall,agreement_delta_02_empty,node_order_json,stability_repeats_requested,stability_repeat_seeds_json,stability_completed_repeat_ids_json,stability_node_order_json,stability_status,stability_error,pair_sidecar_file,stability_sidecar_file
F,development,5000,cin,39481591,1971736329,3999582060,733607793,1756809171,150,8,complete,0e8306dd9b40f6f383e06a16c2d3739065d2277b4dbb13054173a9c071661f2a,142,,,0.6465185000561178,0.4220000000204891,,0.6926529790660225,0.35714285714285715,0.33551012192316537,28,28,0,10,3,True,2,2,1.0,1.0,0.3333333333333333,0.0,0.0,0.010782848287501288,-0.010782848287501288,0.010782848287501288,-0.010782848287501288,0.005537687061282576,-0.005381662178644724,0.008500966964847893,8,0.0039051096016884316,0.0053912762448883895,0.005450194912418547,0.005497329846442674,0.005509113579948706,0.0,0.0017650269976970515,0.013509322848919652,0.020105380046814975,0.02684427829769901,0.02891480269295707,0,8,0.0,0.0004166666666666667,0,0.0010396039603960397,7,0.25,0.7142857142857143,0.5,False,2,0.07142857142857142,1.0,0.2,False,0,0.0,nan,0.0,True,0,0.0,nan,0.0,True,7,0.25,0.7142857142857143,0.5,False,2,0.07142857142857142,1.0,0.2,False,0,0.0,nan,0.0,True,0,0.0,nan,0.0,True,"[""V00"",""V01"",""V02"",""V03"",""V04"",""V05"",""V06"",""V07""]",,,,,,,F_development_5000_cin_pairs.csv.gz,
F,development,5001,cin,817539637,1263111240,1390962612,573556006,3744769448,150,8,complete,0e8306dd9b40f6f383e06a16c2d3739065d2277b4dbb13054173a9c071661f2a,178,,,0.6580773999448866,0.5790000000270084,,0.5929179154179154,0.35714285714285715,0.23577505827505824,28,28,0,10,2,True,3,3,0.5,0.5,0.5,0.5,0.0,0.009843157971122951,-0.009126587365113426,0.009843157971122951,-0.009126587365113426,0.005273496811137583,-0.004658789941374234,0.0013663083922116747,8,0.0035501558471021442,0.010578424290613784,0.012066451423264853,0.013256873129385713,0.01355447855591593,0.0,0.00108395385301054,0.01635198678716627,0.019732051870545112,0.02342427861924973,0.024701775017250623,0,8,0.0,0.0008333333333333334,0,0.0008415841584158417,7,0.25,0.5714285714285714,0.4,False,2,0.07142857142857142,1.0,0.2,False,1,0.03571428571428571,1.0,0.1,False,0,0.0,nan,0.0,True,6,0.21428571428571427,0.6666666666666666,0.4,False,2,0.07142857142857142,1.0,0.2,False,1,0.03571428571428571,1.0,0.1,False,0,0.0,nan,0.0,True,"[""V00"",""V01"",""V02"",""V03"",""V04"",""V05"",""V06"",""V07""]",,,,,,,F_development_5001_cin_pairs.csv.gz,
F,development,5002,cin,3943875734,2229947896,1135789781,3707097439,3679077311,150,8,complete,0e8306dd9b40f6f383e06a16c2d3739065d2277b4dbb13054173a9c071661f2a,204,,,2.519200999988243,2.437999999965541,,0.5424188311688312,0.35714285714285715,0.185275974025974,28,28,0,10,0,True,4,4,,nan,nan,nan,nan,0.010494608133650335,-0.0061752079021379636,0.010494608133650335,-0.0061752079021379636,0.005105785154236227,-0.0025645114343048566,-0.0029161413942780474,8,0.0027866666879829373,0.008015922097741122,0.01826052436524955,0.02645620617925633,0.02850512663275802,0.0,0.002535524046995458,0.009240228959315052,0.012401285121126314,0.013768120769630743,0.013961976916756493,0,8,0.0,0.0,0,0.001511245107897686,10,0.35714285714285715,0.4,0.4,False,2,0.07142857142857142,1.0,0.2,False,1,0.03571428571428571,1.0,0.1,False,1,0.03571428571428571,1.0,0.1,False,9,0.32142857142857145,0.4444444444444444,0.4,False,2,0.07142857142857142,1.0,0.2,False,1,0.03571428571428571,1.0,0.1,False,1,0.03571428571428571,1.0,0.1,False,"[""V00"",""V01"",""V02"",""V03"",""V04"",""V05"",""V06"",""V07""]",,,,,,,F_development_5002_cin_pairs.csv.gz,
F,development,5003,cin,2113770062,2336935463,1776250231,3811687124,3534958331,150,8,complete,0e8306dd9b40f6f383e06a16c2d3739065d2277b4dbb13054173a9c071661f2a,26,,,1.1013206999050453,1.0150000000139698,,0.5034032634032634,0.35714285714285715,0.1462604062604062,28,28,0,10,4,True,3,3,0.75,0.75,0.0,0.0,0.0,0.008341212513437864,-0.008133855740179857,0.008341212513437864,-0.008133855740179857,0.004715042934088593,-0.0031931761101024756,-0.00256712308501756,8,0.0026020512715293513,0.009249185671568875,0.010386435816861996,0.011296235933096496,0.01152368596215512,0.0,0.0019774424346113654,0.00634912641438973,0.009396982787179067,0.011121900508736071,0.011410714110343573,0,8,0.0,0.0,0,0.006010489325878656,10,0.35714285714285715,0.4,0.4,False,2,0.07142857142857142,0.5,0.1,False,1,0.03571428571428571,0.0,0.0,False,0,0.0,nan,0.0,True,8,0.2857142857142857,0.5,0.4,False,2,0.07142857142857142,0.5,0.1,False,1,0.03571428571428571,0.0,0.0,False,0,0.0,nan,0.0,True,"[""V00"",""V01"",""V02"",""V03"",""V04"",""V05"",""V06"",""V07""]",,,,,,,F_development_5003_cin_pairs.csv.gz,
F,development,5004,cin,4287035643,4082324476,3603493738,4193829087,4290439448,150,8,complete,0e8306dd9b40f6f383e06a16c2d3739065d2277b4dbb13054173a9c071661f2a,12,,,0.5176602000137791,0.43799999996554106,,0.5802838827838828,0.35714285714285715,0.22314102564102561,28,28,0,10,1,True,2,2,1.0,1.0,0.0,0.0,0.0,0.0059841931392689215,-0.0059841931392689215,0.0059841931392689215,-0.0059841931392689215,0.00363163031803795,-0.0022351553949191316,-0.005527369625952539,8,0.002221739719751671,0.005934769062612152,0.006414084465968014,0.0068795589558404745,0.00699592757830859,0.0,0.0013746052133021133,0.0036485527410719475,0.004606627171042098,0.00510787103860506,0.0051690704079121776,0,8,0.0,0.0016666666666666668,0,0.0010396039603960397,16,0.5714285714285714,0.5,0.8,False,3,0.10714285714285714,0.3333333333333333,0.1,False,0,0.0,nan,0.0,True,0,0.0,nan,0.0,True,13,0.4642857142857143,0.5384615384615384,0.7,False,3,0.10714285714285714,0.3333333333333333,0.1,False,0,0.0,nan,0.0,True,0,0.0,nan,0.0,True,"[""V00"",""V01"",""V02"",""V03"",""V04"",""V05"",""V06"",""V07""]",,,,,,,F_development_5004_cin_pairs.csv.gz,
F,development,5005,cin,3091921933,3740245766,572093355,668956398,1917338842,150,8,complete,0e8306dd9b40f6f383e06a16c2d3739065d2277b4dbb13054173a9c071661f2a,91,,,0.7052441999549046,0.640999999945052,,0.5774111560953665,0.35714285714285715,0.22026829895250938,28,28,0,10,2,True,2,2,0.5,0.5,0.0,0.0,0.0,0.009850755839106448,-0.009850755839106448,0.009850755839106448,-0.009850755839106448,0.007771714581626016,-0.007525960022714724,0.015348359518596913,8,0.002231898486856302,0.004179453009581912,0.004594666866029032,0.004926837951186727,0.005009880722476151,0.0,0.0029517745874753387,0.020649664934224727,0.028285631169252843,0.031072366865178582,0.03174145186515204,0,8,0.0,0.003333333333333333,0,0.0007425742574257426,6,0.21428571428571427,0.5,0.3,False,1,0.03571428571428571,1.0,0.1,False,0,0.0,nan,0.0,True,0,0.0,nan,0.0,True,5,0.17857142857142858,0.6,0.3,False,1,0.03571428571428571,1.0,0.1,False,0,0.0,nan,0.0,True,0,0.0,nan,0.0,True,"[""V00"",""V01"",""V02"",""V03"",""V04"",""V05"",""V06"",""V07""]",,,,,,,F_development_5005_cin_pairs.csv.gz,
F,development,5006,cin,3588491060,2180074463,3760453478,2183073776,3346097297,150,8,complete,0e8306dd9b40f6f383e06a16c2d3739065d2277b4dbb13054173a9c071661f2a,58,,,0.49325639999005944,0.42099999997299165,,0.5426767676767676,0.35714285714285715,0.1855339105339105,28,28,0,10,2,True,4,4,0.5,0.5,0.5,0.5,0.0,0.008897453247608957,-0.0014527037503971028,0.008897453247608957,-0.0014527037503971028,0.01071027341197785,-0.003591188119088697,-0.00017365290728350857,8,0.01177160828130997,0.026707378070813765,0.03009246607906096,0.03280053648565873,0.03347755408730817,0.0,0.0055760710400016185,0.029290133321933275,0.0465850295655414,0.060517474227087795,0.06292779864500911,0,8,0.0,0.01125,0,0.0007425742574257426,10,0.35714285714285715,0.6,0.6,False,8,0.2857142857142857,0.5,0.4,False,6,0.21428571428571427,0.5,0.3,False,2,0.07142857142857142,0.5,0.1,False,9,0.32142857142857145,0.6666666666666666,0.6,False,7,0.25,0.5714285714285714,0.4,False,6,0.21428571428571427,0.5,0.3,False,2,0.07142857142857142,0.5,0.1,False,"[""V00"",""V01"",""V02"",""V03"",""V04"",""V05"",""V06"",""V07""]",,,,,,,F_development_5006_cin_pairs.csv.gz,
F,development,5007,cin,4287320800,387477261,783055250,749368679,3013368570,150,8,complete,0e8306dd9b40f6f383e06a16c2d3739065d2277b4dbb13054173a9c071661f2a,474,,,0.731283999979496,0.6570000000065193,,0.698537296037296,0.35714285714285715,0.3413944388944388,28,28,0,10,1,True,4,4,1.0,1.0,1.0,1.0,1.0,0.010274204549483853,-0.0024407537256831966,0.010274204549483853,-0.0024407537256831966,0.005633187088253202,-0.0020063601844305325,-0.007212854030160453,8,0.0030635667050237883,0.010623799123752876,0.026737178429442957,0.041898444015380946,0.04568876041186541,0.0,0.0030416988703190905,0.00864845402168277,0.011918631377620071,0.013484962225204893,0.013849695539877468,0,8,0.0,0.0025,0,0.0009405940594059407,12,0.42857142857142855,0.5833333333333334,0.7,False,3,0.10714285714285714,1.0,0.3,False,2,0.07142857142857142,1.0,0.2,False,1,0.03571428571428571,1.0,0.1,False,10,0.35714285714285715,0.6,0.6,False,3,0.10714285714285714,1.0,0.3,False,2,0.07142857142857142,1.0,0.2,False,1,0.03571428571428571,1.0,0.1,False,"[""V00"",""V01"",""V02"",""V03"",""V04"",""V05"",""V06"",""V07""]",,,,,,,F_development_5007_cin_pairs.csv.gz,
F,development,5008,cin,3147350355,2554850946,1141845537,1564849096,2590161348,150,8,complete,0e8306dd9b40f6f383e06a16c2d3739065d2277b4dbb13054173a9c071661f2a,190,,,2.181339900009334,2.109000000054948,,0.6769887955182072,0.35714285714285715,0.3198459383753501,28,28,0,10,0,True,3,3,,nan,nan,nan,nan,0.005079679971433986,-0.004722757997094784,0.005079679971433986,-0.004722757997094784,0.0032237282674478017,-0.002405452828462214,-0.0009088261649922676,8,0.0007912180163471755,0.005071973802509768,0.00740423586458149,0.01074847991149857,0.011584540923227846,0.0,0.0010003207197471567,0.005085444482304623,0.0055396106644774274,0.006254293594737223,0.006435663890738152,0,8,0.0,0.0020833333333333333,0,0.0010396039603960397,14,0.5,0.5,0.7,False,2,0.07142857142857142,1.0,0.2,False,1,0.03571428571428571,1.0,0.1,False,0,0.0,nan,0.0,True,10,0.35714285714285715,0.6,0.6,False,2,0.07142857142857142,1.0,0.2,False,1,0.03571428571428571,1.0,0.1,False,0,0.0,nan,0.0,True,"[""V00"",""V01"",""V02"",""V03"",""V04"",""V05"",""V06"",""V07""]",,,,,,,F_development_5008_cin_pairs.csv.gz,
F,development,5009,cin,2689546049,2286988364,1263403253,1268939702,2500952536,150,8,complete,0e8306dd9b40f6f383e06a16c2d3739065d2277b4dbb13054173a9c071661f2a,295,,,1.2054871000582352,1.125,,0.6188547563547563,0.35714285714285715,0.26171189921189913,28,28,0,10,2,True,3,3,0.5,0.5,0.0,0.0,0.0,0.008098020763045574,-0.007786589748251113,0.008098020763045574,-0.007786589748251113,0.003721705711269192,-0.0031869827097324023,-0.002062008339514314,8,0.0011794563822594562,0.0044000530343537006,0.007837277820046713,0.010587057648601126,0.011274502605739726,0.0,0.0012009831771297493,0.006723645897450691,0.009527827394653614,0.012984776435713314,0.013816953508983744,0,8,0.0,0.0,0,0.07579093004762436,11,0.39285714285714285,0.45454545454545453,0.5,False,1,0.03571428571428571,1.0,0.1,False,1,0.03571428571428571,1.0,0.1,False,0,0.0,nan,0.0,True,8,0.2857142857142857,0.25,0.2,False,1,0.03571428571428571,1.0,0.1,False,1,0.03571428571428571,1.0,0.1,False,0,0.0,nan,0.0,True,"[""V00"",""V01"",""V02"",""V03"",""V04"",""V05"",""V06"",""V07""]",,,,,,,F_development_5009_cin_pairs.csv.gz,
F,development,5010,cin,1998734226,840013803,564589947,3349874937,183330114,150,8,complete,0e8306dd9b40f6f383e06a16c2d3739065d2277b4dbb13054173a9c071661f2a,43,,,0.5047469000564888,0.43700000003445894,,0.43780095000346714,0.35714285714285715,0.08065809286060999,28,28,0,10,4,True,4,4,0.75,0.75,0.25,0.25,0.0,0.008122867647716771,-0.007994876398515934,0.008122867647716771,-0.007994876398515934,0.005227224933091955,-0.0027133636003332136,0.004241524614752616,8,0.0015229355411265765,0.013003739313486452,0.020700000080560024,0.026857008694218913,0.028396260847633626,0.0,0.0006232151139406757,0.006192089585702905,0.008127556443529842,0.03825553476868738,0.049032101813218675,0,8,0.0,0.0008333333333333334,0,0.0017326732673267325,10,0.35714285714285715,0.4,0.4,False,2,0.07142857142857142,0.5,0.1,False,2,0.07142857142857142,0.5,0.1,False,1,0.03571428571428571,0.0,0.0,False,8,0.2857142857142857,0.375,0.3,False,2,0.07142857142857142,0.5,0.1,False,2,0.07142857142857142,0.5,0.1,False,1,0.03571428571428571,0.0,0.0,False,"[""V00"",""V01"",""V02"",""V03"",""V04"",""V05"",""V06"",""V07""]",,,,,,,F_development_5010_cin_pairs.csv.gz,
F,development,5011,cin,679979092,1016904924,918318674,935698804,2086057720,150,8,complete,0e8306dd9b40f6f383e06a16c2d3739065d2277b4dbb13054173a9c071661f2a,61,,,0.5637920000590384,0.48400000005494803,,0.44550751879699246,0.35714285714285715,0.08836466165413531,28,28,0,10,3,True,4,4,0.3333333333333333,0.3333333333333333,0.3333333333333333,0.3333333333333333,0.3333333333333333,0.011115190791399936,-0.006949338320925248,0.011115190791399936,-0.006949338320925248,0.007481083281967296,-0.0036250517162446936,0.006251608071508118,8,0.0028395973597866477,0.01778004211984748,0.024616131405294624,0.03008500283365237,0.0314522206907418,0.0,0.0021860976499825354,0.009995747959069259,0.010275545718491591,0.020051394969398884,0.02362606221183138,0,8,0.0,0.013333333333333332,0,0.0004455445544554455,10,0.35714285714285715,0.4,0.4,False,3,0.10714285714285714,0.3333333333333333,0.1,False,2,0.07142857142857142,0.5,0.1,False,1,0.03571428571428571,1.0,0.1,False,8,0.2857142857142857,0.375,0.3,False,3,0.10714285714285714,0.3333333333333333,0.1,False,2,0.07142857142857142,0.5,0.1,False,1,0.03571428571428571,1.0,0.1,False,"[""V00"",""V01"",""V02"",""V03"",""V04"",""V05"",""V06"",""V07""]",,,,,,,F_development_5011_cin_pairs.csv.gz,
F,development,5012,cin,1916515290,1410410273,653151,3442938660,2980754524,150,8,complete,0e8306dd9b40f6f383e06a16c2d3739065d2277b4dbb13054173a9c071661f2a,160,,,0.4787610999774188,0.4059999999590218,,0.8173476471928484,0.35714285714285715,0.4602047900499912,28,28,0,10,4,True,3,3,1.0,1.0,0.5,0.25,0.0,0.005996467204945109,-0.0029234063777809475,0.005996467204945109,-0.0029234063777809475,0.003926026635908272,-0.0019321754627025188,-0.008016674288594688,8,0.002103464044467441,0.012394308724953246,0.015595656374754378,0.017257533998228148,0.017673003404096593,0.0,0.00293350285927552,0.01178328356064385,0.015979332293303727,0.02437531877969719,0.027357826364235137,0,8,0.0,0.007916666666666667,0,0.0012376237623762376,16,0.5714285714285714,0.5,0.8,False,6,0.21428571428571427,0.8333333333333334,0.5,False,2,0.07142857142857142,1.0,0.2,False,0,0.0,nan,0.0,True,12,0.42857142857142855,0.5833333333333334,0.7,False,6,0.21428571428571427,0.8333333333333334,0.5,False,2,0.07142857142857142,1.0,0.2,False,0,0.0,nan,0.0,True,"[""V00"",""V01"",""V02"",""V03"",""V04"",""V05"",""V06"",""V07""]",,,,,,,F_development_5012_cin_pairs.csv.gz,
F,development,5013,cin,3486881405,1163080705,3358279846,3302703329,2789481147,150,8,complete,0e8306dd9b40f6f383e06a16c2d3739065d2277b4dbb13054173a9c071661f2a,309,,,0.5261353999376297,0.45400000002700835,,0.5596269081795398,0.35714285714285715,0.2024840510366826,28,28,0,10,2,True,3,3,0.5,0.5,0.0,0.0,0.0,0.008741253076638495,-0.0058215517992108905,0.008741253076638495,-0.0058215517992108905,0.0057144050898747896,-0.0030503930740749603,-0.0029016265979195195,8,0.007469238065993017,0.015069570288160737,0.017461336861650124,0.019374750120441635,0.01985310343513951,0.0,0.0019391011922299355,0.015285332713864784,0.01912643195742392,0.024428027714963794,0.026240316984143475,0,8,0.0,0.004166666666666667,0,0.0009405940594059407,9,0.32142857142857145,0.5555555555555556,0.5,False,5,0.17857142857142858,0.8,0.4,False,3,0.10714285714285714,0.6666666666666666,0.2,False,0,0.0,nan,0.0,True,8,0.2857142857142857,0.625,0.5,False,5,0.17857142857142858,0.8,0.4,False,3,0.10714285714285714,0.6666666666666666,0.2,False,0,0.0,nan,0.0,True,"[""V00"",""V01"",""V02"",""V03"",""V04"",""V05"",""V06"",""V07""]",,,,,,,F_development_5013_cin_pairs.csv.gz,
F,development,5014,cin,2437658392,912148195,374928030,154499439,201483317,150,8,complete,0e8306dd9b40f6f383e06a16c2d3739065d2277b4dbb13054173a9c071661f2a,106,,,0.5373719999333844,0.4530000000959262,,0.48296671165092214,0.35714285714285715,0.125823854508065,28,28,0,10,3,True,3,3,0.6666666666666666,0.6666666666666666,0.3333333333333333,0.0,0.0,0.006987673368383076,-0.006508877941876254,0.006987673368383076,-0.006508877941876254,0.005494392017583646,-0.0032073450018596317,0.0036687897259118194,8,0.0033234571294478415,0.007517101246437453,0.008956719557410463,0.0102988794680819,0.010634419445749761,0.0,0.0029579835912287517,0.010440066047057484,0.01424609822663918,0.027081498111541605,0.03129265612486206,0,8,0.0,0.004166666666666667,0,0.0011386138613861388,13,0.4642857142857143,0.46153846153846156,0.6,False,4,0.14285714285714285,0.5,0.2,False,1,0.03571428571428571,0.0,0.0,False,0,0.0,nan,0.0,True,10,0.35714285714285715,0.4,0.4,False,4,0.14285714285714285,0.5,0.2,False,1,0.03571428571428571,0.0,0.0,False,0,0.0,nan,0.0,True,"[""V00"",""V01"",""V02"",""V03"",""V04"",""V05"",""V06"",""V07""]",,,,,,,F_development_5014_cin_pairs.csv.gz,
F,development,5015,cin,1943696877,223324822,814001104,1552606731,3949763000,150,8,complete,0e8306dd9b40f6f383e06a16c2d3739065d2277b4dbb13054173a9c071661f2a,94,,,0.8852249999763444,0.8120000000344589,,0.6018109668109668,0.35714285714285715,0.24466810966810965,28,28,0,10,3,True,4,4,0.6666666666666666,0.6666666666666666,0.3333333333333333,0.3333333333333333,0.3333333333333333,0.007100327582380897,-0.0051894296793310235,0.007100327582380897,-0.0051894296793310235,0.004221556010629851,-0.0018351137943766226,-0.008492498264440141,8,0.0019022146518341723,0.00840459062668809,0.012844116085303111,0.020482442553173167,0.022392024170140686,0.0,0.0019119687004946634,0.00795494629049821,0.01713212629711066,0.025179872224674993,0.02658300896034009,0,8,0.0,0.006250000000000001,0,0.0013366336633663367,16,0.5714285714285714,0.5625,0.9,False,4,0.14285714285714285,0.5,0.2,False,1,0.03571428571428571,1.0,0.1,False,1,0.03571428571428571,1.0,0.1,False,13,0.4642857142857143,0.46153846153846156,0.6,False,3,0.10714285714285714,0.3333333333333333,0.1,False,1,0.03571428571428571,1.0,0.1,False,1,0.03571428571428571,1.0,0.1,False,"[""V00"",""V01"",""V02"",""V03"",""V04"",""V05"",""V06"",""V07""]",,,,,,,F_development_5015_cin_pairs.csv.gz,
F,development,5016,cin,4280176895,107811238,719634712,3892783268,2666871653,150,8,complete,0e8306dd9b40f6f383e06a16c2d3739065d2277b4dbb13054173a9c071661f2a,200,,,0.5084648000774905,0.4380000000819564,,0.6066827616827617,0.35714285714285715,0.24953990453990454,28,28,0,10,3,True,4,4,1.0,1.0,0.6666666666666666,0.6666666666666666,0.3333333333333333,0.008586738826755026,0.001960995314967593,0.008586738826755026,0.001960995314967593,0.007809379683114439,0.001080110965675859,-0.018081727435354744,8,0.005992828528636522,0.022505339502845813,0.027002413416954113,0.04040924466412301,0.04376095247591527,0.0,0.003160838903025511,0.028535887816997254,0.03145337636155549,0.03539966335133745,0.03653367950885488,0,8,0.0,0.020833333333333332,0,0.0009405940594059407,18,0.6428571428571429,0.5,0.9,False,9,0.32142857142857145,0.5555555555555556,0.5,False,6,0.21428571428571427,0.5,0.3,False,3,0.10714285714285714,0.3333333333333333,0.1,False,13,0.4642857142857143,0.5384615384615384,0.7,False,8,0.2857142857142857,0.5,0.4,False,6,0.21428571428571427,0.5,0.3,False,3,0.10714285714285714,0.3333333333333333,0.1,False,"[""V00"",""V01"",""V02"",""V03"",""V04"",""V05"",""V06"",""V07""]",,,,,,,F_development_5016_cin_pairs.csv.gz,
F,development,5017,cin,1018653903,1792255141,3592213919,346720164,919460444,150,8,complete,0e8306dd9b40f6f383e06a16c2d3739065d2277b4dbb13054173a9c071661f2a,55,,,0.7431685000192374,0.6709999999729916,,0.5605785110429072,0.35714285714285715,0.20343565390005008,28,28,0,10,1,True,4,4,1.0,1.0,0.0,0.0,0.0,0.01031120262223769,-0.001967766675486823,0.01031120262223769,-0.001967766675486823,0.006166803447183083,0.0004200416447965706,-0.019199509180733886,8,0.002750415808037667,0.016234571747029726,0.02385848467726782,0.03472275992821571,0.03743882874095268,0.0,0.0026632296942491387,0.014121129591045056,0.022754555267579336,0.029361726130844704,0.031617993682332576,0,8,0.0,0.010416666666666666,0,0.0008415841584158417,17,0.6071428571428571,0.4117647058823529,0.7,False,6,0.21428571428571427,0.3333333333333333,0.2,False,5,0.17857142857142858,0.4,0.2,False,2,0.07142857142857142,1.0,0.2,False,12,0.42857142857142855,0.5,0.6,False,5,0.17857142857142858,0.4,0.2,False,4,0.14285714285714285,0.5,0.2,False,2,0.07142857142857142,1.0,0.2,False,"[""V00"",""V01"",""V02"",""V03"",""V04"",""V05"",""V06"",""V07""]",,,,,,,F_development_5017_cin_pairs.csv.gz,
F,development,5018,cin,3365459117,3180862,1405009790,1592887774,2620638199,150,8,complete,0e8306dd9b40f6f383e06a16c2d3739065d2277b4dbb13054173a9c071661f2a,323,,,1.2662930999649689,1.2040000000270084,,0.5621509401057455,0.35714285714285715,0.20500808296288836,28,28,0,10,6,True,3,3,0.5,0.5,0.5,0.5,0.0,0.01014699738151231,-0.007714864522211591,0.01014699738151231,-0.007714864522211591,0.006433262416360825,-0.003779574305154953,0.0036174210572843713,8,0.004704584561476386,0.01722041478643621,0.017973580640480623,0.018576113323716153,0.018726746494525034,0.0,0.00458724645484769,0.014343972052911472,0.030556783018958186,0.04347510191819941,0.046916747711145984,0,8,0.0,0.010833333333333334,0,0.0008415841584158417,11,0.39285714285714285,0.36363636363636365,0.4,False,5,0.17857142857142858,0.8,0.4,False,5,0.17857142857142858,0.8,0.4,False,0,0.0,nan,0.0,True,8,0.2857142857142857,0.5,0.4,False,5,0.17857142857142858,0.8,0.4,False,5,0.17857142857142858,0.8,0.4,False,0,0.0,nan,0.0,True,"[""V00"",""V01"",""V02"",""V03"",""V04"",""V05"",""V06"",""V07""]",,,,,,,F_development_5018_cin_pairs.csv.gz,
F,development,5019,cin,2905337542,3399155041,2254873830,1352307033,448743715,150,8,complete,0e8306dd9b40f6f383e06a16c2d3739065d2277b4dbb13054173a9c071661f2a,243,,,0.6387097999686375,0.5470000000204891,,0.4713644688644688,0.35714285714285715,0.11422161172161166,28,28,0,10,3,True,3,3,1.0,1.0,0.6666666666666666,0.3333333333333333,0.0,0.007941252898334644,-0.007941252898334644,0.007941252898334644,-0.007941252898334644,0.003990845564143676,-0.0022301672769843854,-0.007420297497725733,8,0.0020594073792098017,0.008519712308040895,0.009614344866706967,0.01030589735004747,0.010478785470882596,0.0,0.0021101300409516353,0.0046814666543738,0.005690703348866499,0.005808532522148865,0.0058295892152964565,0,8,0.0,0.0,0,0.03726896038493899,14,0.5,0.35714285714285715,0.5,False,4,0.14285714285714285,0.5,0.2,False,1,0.03571428571428571,1.0,0.1,False,0,0.0,nan,0.0,True,10,0.35714285714285715,0.4,0.4,False,4,0.14285714285714285,0.5,0.2,False,1,0.03571428571428571,1.0,0.1,False,0,0.0,nan,0.0,True,"[""V00"",""V01"",""V02"",""V03"",""V04"",""V05"",""V06"",""V07""]",,,,,,,F_development_5019_cin_pairs.csv.gz,
F,development,5020,cin,2552007862,1739008274,4097011666,343183264,2582807357,150,8,complete,0e8306dd9b40f6f383e06a16c2d3739065d2277b4dbb13054173a9c071661f2a,73,,,0.9298300000373274,0.8279999999795109,,0.6837158674658674,0.35714285714285715,0.3265730103230103,28,28,0,10,3,True,3,3,0.6666666666666666,0.6666666666666666,0.0,0.0,0.0,0.008385600908174553,-0.005877801274618389,0.008385600908174553,-0.005877801274618389,0.003661003423283126,-0.002404115874180103,-0.005170020163262894,8,0.0010465674966927772,0.0043293051957200585,0.0100442078172268,0.017895081718500565,0.01985780019381901,0.0,0.00011300688074656186,0.005916828357257442,0.00853903412668282,0.014157383444047707,0.01602712578296618,0,8,0.0,0.0,0,0.008847151664956612,15,0.5357142857142857,0.4,0.6,False,2,0.07142857142857142,1.0,0.2,False,1,0.03571428571428571,1.0,0.1,False,0,0.0,nan,0.0,True,13,0.4642857142857143,0.46153846153846156,0.6,False,2,0.07142857142857142,1.0,0.2,False,1,0.03571428571428571,1.0,0.1,False,0,0.0,nan,0.0,True,"[""V00"",""V01"",""V02"",""V03"",""V04"",""V05"",""V06"",""V07""]",,,,,,,F_development_5020_cin_pairs.csv.gz,
F,development,5021,cin,168781686,196927503,3386732187,2078809290,307505461,150,8,complete,0e8306dd9b40f6f383e06a16c2d3739065d2277b4dbb13054173a9c071661f2a,78,,,0.5632458000909537,0.48400000005494803,,0.7576190476190475,0.35714285714285715,0.4004761904761904,28,28,0,10,4,True,4,4,1.0,1.0,0.75,0.25,0.25,0.01199740311171187,-0.008068227779095992,0.01199740311171187,-0.008068227779095992,0.007476532164700956,-0.005733524893169336,0.011611386931216047,8,0.0013931279198563739,0.0067099921446730805,0.018358760582670282,0.02965317015641853,0.03247677254985557,0.0,0.0021668221504211,0.023830573451963835,0.046442337897794436,0.051306355569408914,0.05210726315664905,0,8,0.0,0.009166666666666667,0,0.0012376237623762376,12,0.42857142857142855,0.5833333333333334,0.7,False,4,0.14285714285714285,1.0,0.4,False,1,0.03571428571428571,1.0,0.1,False,1,0.03571428571428571,1.0,0.1,False,12,0.42857142857142855,0.5833333333333334,0.7,False,4,0.14285714285714285,1.0,0.4,False,1,0.03571428571428571,1.0,0.1,False,1,0.03571428571428571,1.0,0.1,False,"[""V00"",""V01"",""V02"",""V03"",""V04"",""V05"",""V06"",""V07""]",,,,,,,F_development_5021_cin_pairs.csv.gz,
F,development,5022,cin,3282758426,2132614030,1736018743,3680163336,4201892898,150,8,complete,0e8306dd9b40f6f383e06a16c2d3739065d2277b4dbb13054173a9c071661f2a,253,,,1.2405645999824628,1.172000000020489,,0.4591784555313967,0.35714285714285715,0.10203559838853954,28,28,0,10,1,True,4,4,1.0,1.0,0.0,0.0,0.0,0.012993936010811896,-0.005247823135635426,0.012993936010811896,-0.005247823135635426,0.009119100934927859,-0.002561271665717816,0.0016251035979242441,8,0.004641299365000904,0.013855769026147295,0.02572969178748672,0.042928970775932045,0.04722879052304339,0.0,0.005413911937917749,0.028031988363199263,0.03089506095725549,0.04081019140482188,0.04439049368320109,0,8,0.0,0.011666666666666665,0,0.0009405940594059407,15,0.5357142857142857,0.3333333333333333,0.5,False,6,0.21428571428571427,0.3333333333333333,0.2,False,2,0.07142857142857142,0.5,0.1,False,1,0.03571428571428571,1.0,0.1,False,11,0.39285714285714285,0.36363636363636365,0.4,False,5,0.17857142857142858,0.4,0.2,False,2,0.07142857142857142,0.5,0.1,False,1,0.03571428571428571,1.0,0.1,False,"[""V00"",""V01"",""V02"",""V03"",""V04"",""V05"",""V06"",""V07""]",,,,,,,F_development_5022_cin_pairs.csv.gz,
F,development,5023,cin,2850638089,3026864880,2599236298,2146269696,897543982,150,8,complete,0e8306dd9b40f6f383e06a16c2d3739065d2277b4dbb13054173a9c071661f2a,78,,,0.518057500012219,0.4529999999795109,,0.6490607151133466,0.35714285714285715,0.29191785797048947,28,28,0,10,2,True,3,3,1.0,1.0,0.5,0.5,0.0,0.008982266832777242,-0.008270707206472366,0.008982266832777242,-0.008270707206472366,0.006063728802615636,-0.004902609897661692,0.00440043161670816,8,0.002235553699810753,0.010961033104445822,0.01162249105001303,0.0121516574064668,0.012283948995580241,0.0,0.0033833516975508232,0.01701637819210116,0.018186898123885405,0.03103918920375063,0.035607821677987615,0,8,0.0,0.0016666666666666668,0,0.0012376237623762376,10,0.35714285714285715,0.6,0.6,False,3,0.10714285714285714,0.6666666666666666,0.2,False,2,0.07142857142857142,0.5,0.1,False,0,0.0,nan,0.0,True,8,0.2857142857142857,0.625,0.5,False,3,0.10714285714285714,0.6666666666666666,0.2,False,2,0.07142857142857142,0.5,0.1,False,0,0.0,nan,0.0,True,"[""V00"",""V01"",""V02"",""V03"",""V04"",""V05"",""V06"",""V07""]",,,,,,,F_development_5023_cin_pairs.csv.gz,
F,development,5024,cin,3820935256,786949556,1026612883,3661104536,3664519417,150,8,complete,0e8306dd9b40f6f383e06a16c2d3739065d2277b4dbb13054173a9c071661f2a,14,,,0.4976968999253586,0.4220000000204891,,0.735064935064935,0.35714285714285715,0.3779220779220778,28,28,0,10,2,True,4,4,1.0,1.0,1.0,0.0,0.0,0.006624671496469306,-0.003141394875118643,0.006624671496469306,-0.003141394875118643,0.004516367524445743,-0.0019310984618801056,-0.009529237035629136,8,0.0052533249459621855,0.008175529925199303,0.014136855824791222,0.021225538639103456,0.022997709342681527,0.0,0.002188718221894249,0.01055553739071981,0.014448187279416713,0.020929298030319458,0.023129723848308574,0,8,0.0,0.006666666666666666,0,0.0012376237623762376,13,0.4642857142857143,0.5384615384615384,0.7,False,7,0.25,0.7142857142857143,0.5,False,1,0.03571428571428571,1.0,0.1,False,1,0.03571428571428571,1.0,0.1,False,13,0.4642857142857143,0.5384615384615384,0.7,False,7,0.25,0.7142857142857143,0.5,False,1,0.03571428571428571,1.0,0.1,False,1,0.03571428571428571,1.0,0.1,False,"[""V00"",""V01"",""V02"",""V03"",""V04"",""V05"",""V06"",""V07""]",,,,,,,F_development_5024_cin_pairs.csv.gz,
F,development,5025,cin,2491679455,615750799,4028857012,2592172764,2743784348,150,8,complete,0e8306dd9b40f6f383e06a16c2d3739065d2277b4dbb13054173a9c071661f2a,444,,,0.8637084999354556,0.7970000000204891,,0.6907548059096046,0.35714285714285715,0.33361194876674743,28,28,0,10,2,True,4,4,1.0,1.0,0.5,0.0,0.0,0.007672216233378204,-0.0037613922527912195,0.007672216233378204,-0.0037613922527912195,0.005826538125843747,-0.003089561296583079,-0.003600467195566951,8,0.004890985451867027,0.011489633139778573,0.015402413007766902,0.01972594841357027,0.020806832265021117,0.0,0.0039535599158659965,0.01429824698468985,0.020524197696196213,0.02681174147479618,0.028447011250199043,0,8,0.0,0.0033333333333333335,0,0.0014356435643564356,13,0.4642857142857143,0.5384615384615384,0.7,False,6,0.21428571428571427,0.6666666666666666,0.4,False,3,0.10714285714285714,0.6666666666666666,0.2,False,1,0.03571428571428571,1.0,0.1,False,10,0.35714285714285715,0.6,0.6,False,6,0.21428571428571427,0.6666666666666666,0.4,False,3,0.10714285714285714,0.6666666666666666,0.2,False,1,0.03571428571428571,1.0,0.1,False,"[""V00"",""V01"",""V02"",""V03"",""V04"",""V05"",""V06"",""V07""]",,,,,,,F_development_5025_cin_pairs.csv.gz,
F,development,5026,cin,1439514476,3957175274,1246445175,1046386001,3181609147,150,8,complete,0e8306dd9b40f6f383e06a16c2d3739065d2277b4dbb13054173a9c071661f2a,100,,,0.8461963000008836,0.765999999945052,,0.4665916768416768,0.35714285714285715,0.10944881969881964,28,28,0,10,2,True,4,4,0.5,0.5,0.5,0.5,0.0,0.0075829391132691435,-0.006200186404802412,0.0075829391132691435,-0.006200186404802412,0.005491585662122722,-0.0019718206096585953,-0.002320410686103026,8,0.0029286261705609995,0.0161480114977297,0.022375571174220298,0.02751387131533272,0.028798446350610817,0.0,0.0015896000307091419,0.010020369710623507,0.010858245890647359,0.023380981438283096,0.02794242087443063,0,8,0.0,0.0,0,0.0204771885535256,12,0.42857142857142855,0.4166666666666667,0.5,False,4,0.14285714285714285,0.5,0.2,False,2,0.07142857142857142,0.5,0.1,False,1,0.03571428571428571,0.0,0.0,False,9,0.32142857142857145,0.5555555555555556,0.5,False,4,0.14285714285714285,0.5,0.2,False,2,0.07142857142857142,0.5,0.1,False,1,0.03571428571428571,0.0,0.0,False,"[""V00"",""V01"",""V02"",""V03"",""V04"",""V05"",""V06"",""V07""]",,,,,,,F_development_5026_cin_pairs.csv.gz,
F,development,5027,cin,943339926,4227846817,90266658,1283725669,1446588093,150,8,complete,0e8306dd9b40f6f383e06a16c2d3739065d2277b4dbb13054173a9c071661f2a,22,,,0.833240200066939,0.75,,0.5794277508983391,0.35714285714285715,0.22228489375548194,28,28,0,10,1,True,4,4,0.0,0.0,0.0,0.0,0.0,0.017982397661853035,-0.0013513070933609882,0.017982397661853035,-0.0013513070933609882,0.010914391832331774,-0.0037866508009403244,0.009301359735567491,8,0.0019963879272180433,0.01132661519133978,0.04446673798710045,0.07634954647262844,0.08432024859401037,0.0,0.0035233524368255328,0.021124229681158523,0.026378886076675462,0.0644355200389749,0.0778362574088538,0,8,0.0,0.01,0,0.0006435643564356436,12,0.42857142857142855,0.4166666666666667,0.5,False,3,0.10714285714285714,0.6666666666666666,0.2,False,2,0.07142857142857142,1.0,0.2,False,1,0.03571428571428571,1.0,0.1,False,9,0.32142857142857145,0.4444444444444444,0.4,False,3,0.10714285714285714,0.6666666666666666,0.2,False,2,0.07142857142857142,1.0,0.2,False,1,0.03571428571428571,1.0,0.1,False,"[""V00"",""V01"",""V02"",""V03"",""V04"",""V05"",""V06"",""V07""]",,,,,,,F_development_5027_cin_pairs.csv.gz,
F,development,5028,cin,2741857311,3438287020,4148954427,2292332943,2048772379,150,8,complete,0e8306dd9b40f6f383e06a16c2d3739065d2277b4dbb13054173a9c071661f2a,67,,,1.2716233000392094,1.187999999965541,,0.648974358974359,0.35714285714285715,0.2918315018315018,28,28,0,10,3,True,3,3,0.6666666666666666,0.6666666666666666,0.6666666666666666,0.6666666666666666,0.0,0.006075652430204767,-0.004718591883474322,0.006075652430204767,-0.004718591883474322,0.003918095504578097,-0.002050743849088802,-0.007130809027803627,8,0.003994735592425931,0.016189521458113292,0.01761075167360398,0.018036314193150858,0.018142704823037578,0.0,0.0018238989538090662,0.01866095794357662,0.025543127784063754,0.03026250362203532,0.031626694143878156,0,8,0.0,0.002916666666666667,0,0.0015346534653465347,12,0.42857142857142855,0.5,0.6,False,5,0.17857142857142858,0.6,0.3,False,2,0.07142857142857142,1.0,0.2,False,0,0.0,nan,0.0,True,9,0.32142857142857145,0.5555555555555556,0.5,False,4,0.14285714285714285,0.75,0.3,False,2,0.07142857142857142,1.0,0.2,False,0,0.0,nan,0.0,True,"[""V00"",""V01"",""V02"",""V03"",""V04"",""V05"",""V06"",""V07""]",,,,,,,F_development_5028_cin_pairs.csv.gz,
F,development,5029,cin,1390971586,3920748630,2363993032,3424352803,1643386345,150,8,complete,0e8306dd9b40f6f383e06a16c2d3739065d2277b4dbb13054173a9c071661f2a,536,,,0.9545746999792755,0.890999999945052,,0.5374054785793916,0.35714285714285715,0.18026262143653443,28,28,0,10,1,True,3,3,1.0,1.0,0.0,0.0,0.0,0.009059607446171831,-0.004091860310583018,0.009059607446171831,-0.004091860310583018,0.0041438951668104984,-0.0017210430103834025,-0.0044389547833112355,8,0.001039025347422627,0.01524561340175374,0.018620415651731805,0.019080844831822808,0.01919595212684556,0.0,0.0008418750594877519,0.007758365152165363,0.012130657758098209,0.016143881763754944,0.01736006675244673,0,8,0.0,0.0020833333333333333,0,0.0006435643564356436,13,0.4642857142857143,0.38461538461538464,0.5,False,2,0.07142857142857142,1.0,0.2,False,2,0.07142857142857142,1.0,0.2,False,0,0.0,nan,0.0,True,8,0.2857142857142857,0.5,0.4,False,2,0.07142857142857142,1.0,0.2,False,2,0.07142857142857142,1.0,0.2,False,0,0.0,nan,0.0,True,"[""V00"",""V01"",""V02"",""V03"",""V04"",""V05"",""V06"",""V07""]",,,,,,,F_development_5029_cin_pairs.csv.gz,
F,development,5030,cin,2116193117,3728628183,1407915863,3926557499,4171534680,150,8,complete,0e8306dd9b40f6f383e06a16c2d3739065d2277b4dbb13054173a9c071661f2a,74,,,0.4944289999548346,0.4220000000204891,,0.6196428571428572,0.35714285714285715,0.2625,28,28,0,10,4,True,4,4,0.75,0.75,0.5,0.25,0.25,0.010233451511136851,-0.005891970654592797,0.010233451511136851,-0.005891970654592797,0.00619151654741516,-0.002276041748448829,-0.010349063498483073,8,0.0052460446266615005,0.017993065991361086,0.02542520969024488,0.03137092464935194,0.0328573533891287,0.0,0.0010120485088076217,0.006890324095415089,0.01589671118007611,0.024950408072201533,0.02737857487755222,0,8,0.0,0.0025,0,0.0017326732673267325,10,0.35714285714285715,0.7,0.7,False,5,0.17857142857142858,0.6,0.3,False,3,0.10714285714285714,0.3333333333333333,0.1,False,1,0.03571428571428571,1.0,0.1,False,10,0.35714285714285715,0.7,0.7,False,5,0.17857142857142858,0.6,0.3,False,3,0.10714285714285714,0.3333333333333333,0.1,False,1,0.03571428571428571,1.0,0.1,False,"[""V00"",""V01"",""V02"",""V03"",""V04"",""V05"",""V06"",""V07""]",,,,,,,F_development_5030_cin_pairs.csv.gz,
F,development,5031,cin,1095204736,1084029772,399841767,1825179003,2368519550,150,8,complete,0e8306dd9b40f6f383e06a16c2d3739065d2277b4dbb13054173a9c071661f2a,29,,,0.5525185000151396,0.46799999999348074,,0.6351752414252414,0.35714285714285715,0.27803238428238425,28,28,0,10,3,True,3,3,0.6666666666666666,0.6666666666666666,0.6666666666666666,0.6666666666666666,0.0,0.009712457086257092,-0.009712457086257092,0.009712457086257092,-0.009712457086257092,0.004440562502016218,-0.004312002695601069,0.004169464010556005,8,0.0008262764866992388,0.011502903791714817,0.011794458076365697,0.012027701504086401,0.012086012361016578,0.0,0.0016993044464515892,0.006362188079022746,0.008016994875250476,0.008793338035793923,0.00905298018871771,0,8,0.0,0.0008333333333333334,0,0.0020297029702970298,9,0.32142857142857145,0.4444444444444444,0.4,False,2,0.07142857142857142,1.0,0.2,False,2,0.07142857142857142,1.0,0.2,False,0,0.0,nan,0.0,True,6,0.21428571428571427,0.5,0.3,False,2,0.07142857142857142,1.0,0.2,False,2,0.07142857142857142,1.0,0.2,False,0,0.0,nan,0.0,True,"[""V00"",""V01"",""V02"",""V03"",""V04"",""V05"",""V06"",""V07""]",,,,,,,F_development_5031_cin_pairs.csv.gz,
F,development,5032,cin,3980454976,3576110173,731663291,2070816003,4192145191,150,8,complete,0e8306dd9b40f6f383e06a16c2d3739065d2277b4dbb13054173a9c071661f2a,160,,,0.5034092999994755,0.4220000000204891,,0.5550617519735166,0.35714285714285715,0.19791889483065944,28,28,0,10,2,True,3,3,0.5,0.5,0.5,0.0,0.0,0.00840029889826669,-0.006747648236889811,0.00840029889826669,-0.006747648236889811,0.005685058627733086,-0.0031087831708674343,0.003872097694642829,8,0.003812309436740436,0.009060034996875476,0.010673231011078983,0.012988167611780729,0.013566901761956168,0.0,0.0031070161448073725,0.020002921116104574,0.024408259334823056,0.0353123253709432,0.03862017446495286,0,8,0.0,0.010833333333333334,0,0.00034653465346534657,15,0.5357142857142857,0.4,0.6,False,6,0.21428571428571427,0.6666666666666666,0.4,False,1,0.03571428571428571,1.0,0.1,False,0,0.0,nan,0.0,True,11,0.39285714285714285,0.45454545454545453,0.5,False,5,0.17857142857142858,0.8,0.4,False,1,0.03571428571428571,1.0,0.1,False,0,0.0,nan,0.0,True,"[""V00"",""V01"",""V02"",""V03"",""V04"",""V05"",""V06"",""V07""]",,,,,,,F_development_5032_cin_pairs.csv.gz,
F,development,5033,cin,2690517553,3788195066,1082915441,4272218690,797247478,150,8,complete,0e8306dd9b40f6f383e06a16c2d3739065d2277b4dbb13054173a9c071661f2a,97,,,1.0177881000563502,0.9529999999795109,,0.7898354341736693,0.35714285714285715,0.43269257703081215,28,28,0,10,2,True,4,4,1.0,1.0,1.0,0.5,0.5,0.010296312738772479,0.0011451189248492051,0.010296312738772479,0.0011451189248492051,0.009718344981888385,-0.004696269943225863,0.005620720209539426,8,0.006762375415629894,0.02727111280899631,0.02965810383435281,0.03156769665463801,0.032045094859709314,0.0,0.007269683908654793,0.03309961745621469,0.041835943344311274,0.04266903021869809,0.04271449658551859,0,8,0.0,0.009583333333333334,0,0.0011386138613861388,9,0.32142857142857145,0.6666666666666666,0.6,False,5,0.17857142857142858,0.8,0.4,False,3,0.10714285714285714,1.0,0.3,False,3,0.10714285714285714,1.0,0.3,False,5,0.17857142857142858,0.8,0.4,False,5,0.17857142857142858,0.8,0.4,False,3,0.10714285714285714,1.0,0.3,False,3,0.10714285714285714,1.0,0.3,False,"[""V00"",""V01"",""V02"",""V03"",""V04"",""V05"",""V06"",""V07""]",,,,,,,F_development_5033_cin_pairs.csv.gz,
F,development,5034,cin,2386792049,4121324226,2460288346,2744339247,3925481043,150,8,complete,0e8306dd9b40f6f383e06a16c2d3739065d2277b4dbb13054173a9c071661f2a,6,,,0.8205223000841215,0.75,,0.6442267732267731,0.35714285714285715,0.287083916083916,28,28,0,10,2,True,4,4,1.0,1.0,0.5,0.5,0.5,0.009842943827892333,-0.007933135844264432,0.009842943827892333,-0.007933135844264432,0.00670747941403735,-0.005002417067439055,0.0016705848584500204,8,0.002222358983015091,0.007876421180223997,0.013762847159669606,0.02056038959968524,0.02225977520968916,0.0,0.002443608086287375,0.030301667405315962,0.0517637618681295,0.0584866422404318,0.05948677564142452,0,8,0.0,0.0016666666666666668,0,0.002326732673267327,14,0.5,0.5714285714285714,0.8,False,2,0.07142857142857142,1.0,0.2,False,1,0.03571428571428571,1.0,0.1,False,1,0.03571428571428571,1.0,0.1,False,13,0.4642857142857143,0.6153846153846154,0.8,False,2,0.07142857142857142,1.0,0.2,False,1,0.03571428571428571,1.0,0.1,False,1,0.03571428571428571,1.0,0.1,False,"[""V00"",""V01"",""V02"",""V03"",""V04"",""V05"",""V06"",""V07""]",,,,,,,F_development_5034_cin_pairs.csv.gz,
F,development,5035,cin,1076284766,1595949294,820532635,2595734273,3138155757,150,8,complete,0e8306dd9b40f6f383e06a16c2d3739065d2277b4dbb13054173a9c071661f2a,119,,,0.5318198000313714,0.4529999999795109,,0.7737562875720769,0.35714285714285715,0.4166134304292198,28,28,0,10,2,True,3,3,1.0,1.0,0.5,0.0,0.0,0.007187971694003493,-0.004422947169257374,0.007187971694003493,-0.004422947169257374,0.004599515759340498,-0.002402117454500102,-0.010873628609421442,8,0.0032748553967048193,0.01366955593041386,0.014761553044305011,0.015150517694284464,0.015247758856779328,0.0,0.0020542484772496845,0.006976115222634173,0.008593079288688556,0.0105505722318572,0.011076127085665964,0,8,0.0,0.0004166666666666667,0,0.0015346534653465347,13,0.4642857142857143,0.6923076923076923,0.9,False,5,0.17857142857142858,0.8,0.4,False,3,0.10714285714285714,1.0,0.3,False,0,0.0,nan,0.0,True,11,0.39285714285714285,0.6363636363636364,0.7,False,5,0.17857142857142858,0.8,0.4,False,3,0.10714285714285714,1.0,0.3,False,0,0.0,nan,0.0,True,"[""V00"",""V01"",""V02"",""V03"",""V04"",""V05"",""V06"",""V07""]",,,,,,,F_development_5035_cin_pairs.csv.gz,
F,development,5036,cin,2525740723,1065185260,1448440552,316794991,2353033155,150,8,complete,0e8306dd9b40f6f383e06a16c2d3739065d2277b4dbb13054173a9c071661f2a,101,,,0.4846485999878496,0.4220000000204891,,0.7355578479491522,0.35714285714285715,0.3784149908062951,28,28,0,10,4,True,3,3,1.0,1.0,0.5,0.25,0.0,0.0070949328493422805,-0.007080078920816338,0.0070949328493422805,-0.007080078920816338,0.003563519550942962,-0.0027840187657061873,-0.004494424315794377,8,0.001078473122257583,0.007765825208742421,0.009852195421686399,0.010647045973952992,0.01084575861201964,0.0,0.001963025043204841,0.004308504651890431,0.007375967396212533,0.009049337727284983,0.009063683808243805,0,8,0.0,0.0004166666666666667,0,0.0016336633663366338,16,0.5714285714285714,0.5,0.8,False,3,0.10714285714285714,0.6666666666666666,0.2,False,1,0.03571428571428571,1.0,0.1,False,0,0.0,nan,0.0,True,12,0.42857142857142855,0.5833333333333334,0.7,False,3,0.10714285714285714,0.6666666666666666,0.2,False,1,0.03571428571428571,1.0,0.1,False,0,0.0,nan,0.0,True,"[""V00"",""V01"",""V02"",""V03"",""V04"",""V05"",""V06"",""V07""]",,,,,,,F_development_5036_cin_pairs.csv.gz,
F,development,5037,cin,1489000137,624462475,2178927611,755032523,468255169,150,8,complete,0e8306dd9b40f6f383e06a16c2d3739065d2277b4dbb13054173a9c071661f2a,177,,,0.9769422999816015,0.9059999999590218,,0.6305906729436142,0.35714285714285715,0.273447815800757,28,28,0,10,2,True,4,4,0.5,0.5,0.0,0.0,0.0,0.009981474927702615,-0.004827988176181569,0.009981474927702615,-0.004827988176181569,0.004996123671643585,-0.002922548979756593,-0.003778902521950739,8,0.001424037922887986,0.011763429595029039,0.023044217381494304,0.032068847610666536,0.034325005167959596,0.0,0.0009693468561000365,0.012562399571489807,0.02004352965613054,0.02058435150958135,0.02062400216943985,0,8,0.0,0.0008333333333333334,0,0.0011386138613861388,9,0.32142857142857145,0.4444444444444444,0.4,False,2,0.07142857142857142,1.0,0.2,False,1,0.03571428571428571,1.0,0.1,False,1,0.03571428571428571,1.0,0.1,False,7,0.25,0.5714285714285714,0.4,False,2,0.07142857142857142,1.0,0.2,False,1,0.03571428571428571,1.0,0.1,False,1,0.03571428571428571,1.0,0.1,False,"[""V00"",""V01"",""V02"",""V03"",""V04"",""V05"",""V06"",""V07""]",,,,,,,F_development_5037_cin_pairs.csv.gz,
F,development,5038,cin,3624366914,1369823282,3704271544,1682447847,3777520058,150,8,complete,0e8306dd9b40f6f383e06a16c2d3739065d2277b4dbb13054173a9c071661f2a,157,,,0.8102112000342458,0.7339999999385327,,0.7242515817515817,0.35714285714285715,0.3671087246087245,28,28,0,10,5,True,2,2,0.6,0.6,0.2,0.0,0.0,0.007025330684637933,-0.006845941373834678,0.007025330684637933,-0.006845941373834678,0.003650176676454231,-0.002993152175051069,-0.0016359463369231028,8,0.001225736341931466,0.005997884589119766,0.006735647575789271,0.008081839000499278,0.008418386856676782,0.0,0.0008702801643076978,0.005537059180293409,0.0071985493450594795,0.007561862346241499,0.007695142395556982,0,8,0.0,0.0,0,0.015576495894510926,15,0.5357142857142857,0.5333333333333333,0.8,False,3,0.10714285714285714,0.6666666666666666,0.2,False,0,0.0,nan,0.0,True,0,0.0,nan,0.0,True,13,0.4642857142857143,0.6153846153846154,0.8,False,3,0.10714285714285714,0.6666666666666666,0.2,False,0,0.0,nan,0.0,True,0,0.0,nan,0.0,True,"[""V00"",""V01"",""V02"",""V03"",""V04"",""V05"",""V06"",""V07""]",,,,,,,F_development_5038_cin_pairs.csv.gz,
F,development,5039,cin,46125122,2608996472,3614772260,3485211335,3603589846,150,8,complete,0e8306dd9b40f6f383e06a16c2d3739065d2277b4dbb13054173a9c071661f2a,102,,,1.7934013999765739,1.7190000000409782,,0.6013036963036962,0.35714285714285715,0.24416083916083903,28,28,0,10,2,True,3,3,0.5,0.5,0.0,0.0,0.0,0.007256164559628714,-0.006601496855320711,0.007256164559628714,-0.006601496855320711,0.004146273657908013,-0.0025323417907882817,-0.0024717853358576453,8,0.0021273392735459613,0.010041426989741574,0.011701241807440319,0.012560927915063195,0.012775849441968915,0.0,0.0016629016977581955,0.006314621716769635,0.009282918039228328,0.013442434107964592,0.01443406194868524,0,8,0.0,0.00125,0,0.0018316831683168316,13,0.4642857142857143,0.46153846153846156,0.6,False,3,0.10714285714285714,0.6666666666666666,0.2,False,2,0.07142857142857142,0.5,0.1,False,0,0.0,nan,0.0,True,13,0.4642857142857143,0.46153846153846156,0.6,False,3,0.10714285714285714,0.6666666666666666,0.2,False,2,0.07142857142857142,0.5,0.1,False,0,0.0,nan,0.0,True,"[""V00"",""V01"",""V02"",""V03"",""V04"",""V05"",""V06"",""V07""]",,,,,,,F_development_5039_cin_pairs.csv.gz,
F,development,5040,cin,3521814400,2527443585,363749055,2163962343,3745740516,150,8,complete,0e8306dd9b40f6f383e06a16c2d3739065d2277b4dbb13054173a9c071661f2a,189,,,0.555478599970229,0.48400000005494803,,0.7175091575091574,0.35714285714285715,0.3603663003663003,28,28,0,10,3,True,3,3,0.6666666666666666,0.6666666666666666,0.3333333333333333,0.3333333333333333,0.0,0.011775268326823964,-0.008747230856250062,0.011775268326823964,-0.008747230856250062,0.006156991436609792,-0.0046461316314292235,-0.0016411685106993519,8,0.001264631934355556,0.013367545348144324,0.014248646530220508,0.014639879556838358,0.014737687813492821,0.0,0.0015999338522107481,0.017368872346536505,0.026418827476428514,0.04238402871717093,0.048225240198592215,0,8,0.0,0.002916666666666667,0,0.0009405940594059407,14,0.5,0.5,0.7,False,3,0.10714285714285714,1.0,0.3,False,3,0.10714285714285714,1.0,0.3,False,0,0.0,nan,0.0,True,11,0.39285714285714285,0.45454545454545453,0.5,False,3,0.10714285714285714,1.0,0.3,False,3,0.10714285714285714,1.0,0.3,False,0,0.0,nan,0.0,True,"[""V00"",""V01"",""V02"",""V03"",""V04"",""V05"",""V06"",""V07""]",,,,,,,F_development_5040_cin_pairs.csv.gz,
F,development,5041,cin,929276527,590828501,1791347068,3678632624,3384785115,150,8,complete,0e8306dd9b40f6f383e06a16c2d3739065d2277b4dbb13054173a9c071661f2a,241,,,0.5486626999918371,0.46799999999348074,,0.5797830687830687,0.35714285714285715,0.22264021164021158,28,28,0,10,3,True,3,3,0.3333333333333333,0.3333333333333333,0.3333333333333333,0.3333333333333333,0.0,0.009096952581659937,-0.009096952581659937,0.009096952581659937,-0.009096952581659937,0.0065587939979132245,-0.005145028541452914,0.003188153176961671,8,0.003490772370766066,0.013882638983198194,0.01581975085372272,0.017369440350142352,0.017756862724247258,0.0,0.0029680261234929497,0.014198736870564206,0.015937250257539882,0.020070284921913987,0.021403499732942775,0,8,0.0,0.00625,0,0.0008415841584158417,10,0.35714285714285715,0.5,0.5,False,3,0.10714285714285714,0.6666666666666666,0.2,False,2,0.07142857142857142,0.5,0.1,False,0,0.0,nan,0.0,True,6,0.21428571428571427,0.5,0.3,False,3,0.10714285714285714,0.6666666666666666,0.2,False,2,0.07142857142857142,0.5,0.1,False,0,0.0,nan,0.0,True,"[""V00"",""V01"",""V02"",""V03"",""V04"",""V05"",""V06"",""V07""]",,,,,,,F_development_5041_cin_pairs.csv.gz,
F,development,5042,cin,1656494490,222008138,717644355,2333892124,646641081,150,8,complete,0e8306dd9b40f6f383e06a16c2d3739065d2277b4dbb13054173a9c071661f2a,147,,,0.4813412999501452,0.40700000000651926,,0.6863040944562683,0.35714285714285715,0.3291612373134111,28,28,0,10,2,True,4,4,0.5,0.5,0.0,0.0,0.0,0.00919961872123477,-0.004498011787454748,0.00919961872123477,-0.004498011787454748,0.0049164489646759514,-0.0026901207168975017,-0.0043115715271231985,8,0.0012432469685848264,0.0075059821955531245,0.018584623950139913,0.02744753735380935,0.029663265704726702,0.0,0.0012517392119166706,0.007074225165731502,0.0141750694992446,0.020431398290694038,0.021423935617163173,0,8,0.0,0.0025,0,0.0013366336633663367,11,0.39285714285714285,0.5454545454545454,0.6,False,3,0.10714285714285714,1.0,0.3,False,1,0.03571428571428571,1.0,0.1,False,1,0.03571428571428571,1.0,0.1,False,11,0.39285714285714285,0.5454545454545454,0.6,False,3,0.10714285714285714,1.0,0.3,False,1,0.03571428571428571,1.0,0.1,False,1,0.03571428571428571,1.0,0.1,False,"[""V00"",""V01"",""V02"",""V03"",""V04"",""V05"",""V06"",""V07""]",,,,,,,F_development_5042_cin_pairs.csv.gz,
F,development,5043,cin,2965095402,3177889741,1875318155,688344728,2944729677,150,8,complete,0e8306dd9b40f6f383e06a16c2d3739065d2277b4dbb13054173a9c071661f2a,343,,,0.4665503000142053,0.3910000000614673,,0.5334390268600794,0.35714285714285715,0.17629616971722223,28,28,0,10,3,True,3,3,0.6666666666666666,0.6666666666666666,0.0,0.0,0.0,0.009045879675326895,-0.007389510860263679,0.009045879675326895,-0.007389510860263679,0.004576504481653163,-0.003060008432094739,0.0031127278007927416,8,0.0024399866664620825,0.004959783781642894,0.009870148747097822,0.013798440719461767,0.014780513712552748,0.0,0.0008807316788939515,0.007194215621691978,0.007899887432259299,0.009656672370853388,0.010195394444675758,0,8,0.0,0.002916666666666667,0,0.0016336633663366338,11,0.39285714285714285,0.45454545454545453,0.5,False,1,0.03571428571428571,1.0,0.1,False,1,0.03571428571428571,1.0,0.1,False,0,0.0,nan,0.0,True,9,0.32142857142857145,0.5555555555555556,0.5,False,1,0.03571428571428571,1.0,0.1,False,1,0.03571428571428571,1.0,0.1,False,0,0.0,nan,0.0,True,"[""V00"",""V01"",""V02"",""V03"",""V04"",""V05"",""V06"",""V07""]",,,,,,,F_development_5043_cin_pairs.csv.gz,
F,development,5044,cin,1262561271,2672335331,722427060,2986748878,3787173598,150,8,complete,0e8306dd9b40f6f383e06a16c2d3739065d2277b4dbb13054173a9c071661f2a,76,,,0.4603079999797046,0.39000000001396984,,0.6152758931889366,0.35714285714285715,0.25813303604607946,28,28,0,10,0,True,3,3,,nan,nan,nan,nan,0.009293401721554843,-0.002838911178454448,0.009293401721554843,-0.002838911178454448,0.0046717502662752325,-0.0017086894110090877,-0.007222858160047483,8,0.0017210470703001223,0.017544703865528,0.018426794530094333,0.018957850615333862,0.019090614636643743,0.0,0.000756059615587398,0.016621664039180264,0.021097836328873267,0.026427358450214933,0.027903199059440855,0,8,0.0,0.0025,0,0.0006435643564356436,13,0.4642857142857143,0.46153846153846156,0.6,False,3,0.10714285714285714,1.0,0.3,False,3,0.10714285714285714,1.0,0.3,False,0,0.0,nan,0.0,True,13,0.4642857142857143,0.46153846153846156,0.6,False,3,0.10714285714285714,1.0,0.3,False,3,0.10714285714285714,1.0,0.3,False,0,0.0,nan,0.0,True,"[""V00"",""V01"",""V02"",""V03"",""V04"",""V05"",""V06"",""V07""]",,,,,,,F_development_5044_cin_pairs.csv.gz,
F,development,5045,cin,3717517446,328177419,1166833349,1115796125,2017023710,150,8,complete,0e8306dd9b40f6f383e06a16c2d3739065d2277b4dbb13054173a9c071661f2a,119,,,0.4691316999960691,0.40700000000651926,,0.617939149343948,0.35714285714285715,0.26079629220109085,28,28,0,10,5,True,4,4,0.6,0.6,0.6,0.4,0.2,0.012384393781411606,-0.004119122614199051,0.012384393781411606,-0.004119122614199051,0.012733178689699984,-0.006222152084474629,0.0022627569844515414,8,0.014839713266701873,0.025603664372255072,0.029117998854172593,0.031929466439706615,0.032632333336090114,0.0,0.010304511975228716,0.037261060190395136,0.0430820611507222,0.049351580412638235,0.050942872457178864,0,8,0.0,0.013750000000000002,0,0.0009405940594059407,11,0.39285714285714285,0.5454545454545454,0.6,False,9,0.32142857142857145,0.6666666666666666,0.6,False,6,0.21428571428571427,0.6666666666666666,0.4,False,2,0.07142857142857142,0.5,0.1,False,9,0.32142857142857145,0.5555555555555556,0.5,False,8,0.2857142857142857,0.625,0.5,False,5,0.17857142857142858,0.6,0.3,False,2,0.07142857142857142,0.5,0.1,False,"[""V00"",""V01"",""V02"",""V03"",""V04"",""V05"",""V06"",""V07""]",,,,,,,F_development_5045_cin_pairs.csv.gz,
F,development,5046,cin,2721400204,370901101,3769165020,3203478838,3854243947,150,8,complete,0e8306dd9b40f6f383e06a16c2d3739065d2277b4dbb13054173a9c071661f2a,197,,,0.4537938000867143,0.375,,0.6610790679908326,0.35714285714285715,0.30393621084797545,28,28,0,10,3,True,4,4,0.6666666666666666,0.6666666666666666,0.6666666666666666,0.3333333333333333,0.3333333333333333,0.008394921351309113,-0.005645448093622616,0.008394921351309113,-0.005645448093622616,0.0056946119792326815,-0.0036015357851932753,0.005618033240342371,8,0.0034129197735923034,0.010392136272469607,0.01587655415886005,0.02026408846797241,0.021360972045250497,0.0,0.0038521413738066656,0.013457758744746832,0.02462973926658314,0.030336443311421823,0.030481224219148687,0,8,0.0,0.004583333333333333,0,0.0012376237623762376,11,0.39285714285714285,0.5454545454545454,0.6,False,5,0.17857142857142858,0.8,0.4,False,2,0.07142857142857142,1.0,0.2,False,1,0.03571428571428571,1.0,0.1,False,9,0.32142857142857145,0.5555555555555556,0.5,False,5,0.17857142857142858,0.8,0.4,False,2,0.07142857142857142,1.0,0.2,False,1,0.03571428571428571,1.0,0.1,False,"[""V00"",""V01"",""V02"",""V03"",""V04"",""V05"",""V06"",""V07""]",,,,,,,F_development_5046_cin_pairs.csv.gz,
F,development,5047,cin,2463481157,2354038502,4013134246,150712205,3725276992,150,8,complete,0e8306dd9b40f6f383e06a16c2d3739065d2277b4dbb13054173a9c071661f2a,536,,,0.4641545000486076,0.40600000007543713,,0.7802786638312953,0.35714285714285715,0.42313580668843814,28,28,0,10,4,True,4,4,0.25,0.25,0.25,0.25,0.25,0.009212533062519925,0.0005044707195453335,0.009212533062519925,0.0005044707195453335,0.005014588881196497,0.0008937098537621049,-0.032533754399205854,8,0.006625775209603849,0.02337451047893537,0.02423965649686144,0.025016277864511705,0.02521043320642427,0.0,0.001509206538869219,0.008525108370085114,0.011499419850610551,0.013165743667659812,0.013713301809357495,0,8,0.0,0.0033333333333333335,0,0.0012376237623762376,16,0.5714285714285714,0.4375,0.7,False,10,0.35714285714285715,0.6,0.6,False,4,0.14285714285714285,1.0,0.4,False,3,0.10714285714285714,1.0,0.3,False,15,0.5357142857142857,0.4666666666666667,0.7,False,10,0.35714285714285715,0.6,0.6,False,4,0.14285714285714285,1.0,0.4,False,3,0.10714285714285714,1.0,0.3,False,"[""V00"",""V01"",""V02"",""V03"",""V04"",""V05"",""V06"",""V07""]",,,,,,,F_development_5047_cin_pairs.csv.gz,
F,development,5048,cin,1559961730,3217560514,2948646412,3219549245,1652544055,150,8,complete,0e8306dd9b40f6f383e06a16c2d3739065d2277b4dbb13054173a9c071661f2a,45,,,0.47648149996530265,0.4220000000204891,,0.5908531682742209,0.35714285714285715,0.2337103111313637,28,28,0,10,1,True,3,3,1.0,1.0,0.0,0.0,0.0,0.007990133480262788,-0.005151775022499944,0.007990133480262788,-0.005151775022499944,0.004831798674769231,-0.002617181217926114,0.004131117652156155,8,0.002547048006190508,0.009849333472872876,0.014547490729404606,0.018634056337255258,0.019655697739217912,0.0,0.0009588141211805969,0.010350711788436103,0.014109923501020865,0.029098825186292376,0.03404325467985738,0,8,0.0,0.008333333333333333,0,0.0006435643564356436,12,0.42857142857142855,0.5,0.6,False,3,0.10714285714285714,0.6666666666666666,0.2,False,2,0.07142857142857142,0.5,0.1,False,0,0.0,nan,0.0,True,10,0.35714285714285715,0.6,0.6,False,3,0.10714285714285714,0.6666666666666666,0.2,False,2,0.07142857142857142,0.5,0.1,False,0,0.0,nan,0.0,True,"[""V00"",""V01"",""V02"",""V03"",""V04"",""V05"",""V06"",""V07""]",,,,,,,F_development_5048_cin_pairs.csv.gz,
F,development,5049,cin,733403871,2549145031,3406700978,726774293,2205160489,150,8,complete,0e8306dd9b40f6f383e06a16c2d3739065d2277b4dbb13054173a9c071661f2a,64,,,0.5548011000500992,0.4839999999385327,,0.5521520146520147,0.35714285714285715,0.19500915750915754,28,28,0,10,2,True,2,2,1.0,1.0,0.5,0.0,0.0,0.010367557361191649,-0.010367557361191649,0.010367557361191649,-0.010367557361191649,0.004876534975902248,-0.004062377760175767,0.0038769608743382204,8,0.0011199518860077117,0.005244649776294145,0.006370927210993977,0.007220625241213978,0.007433049748768976,0.0,0.0008223519689136448,0.017877632331983754,0.021022203162269246,0.027130042609146972,0.028912441115253328,0,8,0.0,0.0008333333333333334,0,0.0008415841584158417,12,0.42857142857142855,0.5,0.6,False,2,0.07142857142857142,0.5,0.1,False,0,0.0,nan,0.0,True,0,0.0,nan,0.0,True,11,0.39285714285714285,0.5454545454545454,0.6,False,1,0.03571428571428571,1.0,0.1,False,0,0.0,nan,0.0,True,0,0.0,nan,0.0,True,"[""V00"",""V01"",""V02"",""V03"",""V04"",""V05"",""V06"",""V07""]",,,,,,,F_development_5049_cin_pairs.csv.gz,
F,development,5050,cin,2447988720,3116630579,2133744812,3723869642,3123137509,150,8,complete,0e8306dd9b40f6f383e06a16c2d3739065d2277b4dbb13054173a9c071661f2a,8,,,1.0237707999767736,0.9529999999795109,,0.6403754140596245,0.35714285714285715,0.28323255691676735,28,28,0,10,4,True,3,3,0.75,0.75,0.25,0.0,0.0,0.009843539126135833,-0.007830230174749715,0.009843539126135833,-0.007830230174749715,0.006529125460561673,-0.004857097792970939,0.0026653417209075766,8,0.0015867412100888775,0.005764360912258382,0.01059282701342736,0.01608085153607909,0.017452857666742035,0.0,0.0016357270535019282,0.013737043063710343,0.014827225279557876,0.01605992766719504,0.016466759527263376,0,8,0.0,0.0004166666666666667,0,0.0018316831683168316,13,0.4642857142857143,0.46153846153846156,0.6,False,2,0.07142857142857142,1.0,0.2,False,1,0.03571428571428571,1.0,0.1,False,0,0.0,nan,0.0,True,10,0.35714285714285715,0.6,0.6,False,2,0.07142857142857142,1.0,0.2,False,1,0.03571428571428571,1.0,0.1,False,0,0.0,nan,0.0,True,"[""V00"",""V01"",""V02"",""V03"",""V04"",""V05"",""V06"",""V07""]",,,,,,,F_development_5050_cin_pairs.csv.gz,
F,development,5051,cin,554276515,1551117344,3505107578,1611824145,4059015009,150,8,complete,0e8306dd9b40f6f383e06a16c2d3739065d2277b4dbb13054173a9c071661f2a,47,,,0.5260086000198498,0.4529999999795109,,0.5593867243867244,0.35714285714285715,0.20224386724386728,28,28,0,10,2,True,3,3,1.0,1.0,0.0,0.0,0.0,0.006979870786102705,-0.0058917164709155635,0.006979870786102705,-0.0058917164709155635,0.004326832572102868,-0.0020271603237315508,-0.007442781646413147,8,0.0009399437032195165,0.008545286754290228,0.011359608445102505,0.015354162944807745,0.016352801569734062,0.0,0.0011735824149841556,0.009548211492377718,0.015269863167872247,0.02051348130062755,0.02184193273197028,0,8,0.0,0.00125,0,0.0009405940594059407,14,0.5,0.6428571428571429,0.9,False,5,0.17857142857142858,0.6,0.3,False,1,0.03571428571428571,0.0,0.0,False,0,0.0,nan,0.0,True,10,0.35714285714285715,0.6,0.6,False,4,0.14285714285714285,0.5,0.2,False,1,0.03571428571428571,0.0,0.0,False,0,0.0,nan,0.0,True,"[""V00"",""V01"",""V02"",""V03"",""V04"",""V05"",""V06"",""V07""]",,,,,,,F_development_5051_cin_pairs.csv.gz,
F,development,5052,cin,36810351,193423124,2463351856,3539018849,3396286562,150,8,complete,0e8306dd9b40f6f383e06a16c2d3739065d2277b4dbb13054173a9c071661f2a,294,,,0.6095260999863967,0.5309999999590218,,0.5580779220779221,0.35714285714285715,0.2009350649350649,28,28,0,10,4,True,2,2,0.5,0.5,0.0,0.0,0.0,0.009181217490506237,-0.009181217490506237,0.009181217490506237,-0.009181217490506237,0.004180974836505619,-0.003802997666565579,0.002754180183264842,8,0.002645840189580301,0.005190078518607827,0.005390687681545374,0.005551175011895411,0.00559129684448292,0.0,0.0012440611227585011,0.00422502468964447,0.0065506817944285655,0.00751704968294992,0.0075275773897073425,0,8,0.0,0.0016666666666666668,0,0.0007425742574257426,6,0.21428571428571427,0.6666666666666666,0.4,False,1,0.03571428571428571,1.0,0.1,False,0,0.0,nan,0.0,True,0,0.0,nan,0.0,True,5,0.17857142857142858,0.6,0.3,False,1,0.03571428571428571,1.0,0.1,False,0,0.0,nan,0.0,True,0,0.0,nan,0.0,True,"[""V00"",""V01"",""V02"",""V03"",""V04"",""V05"",""V06"",""V07""]",,,,,,,F_development_5052_cin_pairs.csv.gz,
F,development,5053,cin,509420566,1591719870,309860972,1649283518,1493184991,150,8,complete,0e8306dd9b40f6f383e06a16c2d3739065d2277b4dbb13054173a9c071661f2a,368,,,0.5312815000070259,0.46799999999348074,,0.5975595238095238,0.35714285714285715,0.24041666666666667,28,28,0,10,3,True,4,4,1.0,1.0,0.6666666666666666,0.3333333333333333,0.0,0.012299283909085777,0.0006061713028845675,0.012299283909085777,0.0006061713028845675,0.007874754229210183,0.000806935531994488,-0.02791077721329864,8,0.0021476591046222585,0.02207534902482375,0.033757681745407594,0.058432034130221126,0.06460062222642453,0.0,0.0017000146957810588,0.013149581417857345,0.01675925103905325,0.02071987243719771,0.021890416868570163,0,8,0.0,0.00375,0,0.002623762376237624,16,0.5714285714285714,0.5625,0.9,False,7,0.25,0.5714285714285714,0.4,False,5,0.17857142857142858,0.6,0.3,False,3,0.10714285714285714,0.3333333333333333,0.1,False,14,0.5,0.5,0.7,False,7,0.25,0.5714285714285714,0.4,False,5,0.17857142857142858,0.6,0.3,False,3,0.10714285714285714,0.3333333333333333,0.1,False,"[""V00"",""V01"",""V02"",""V03"",""V04"",""V05"",""V06"",""V07""]",,,,,,,F_development_5053_cin_pairs.csv.gz,
F,development,5054,cin,2447657651,19737757,2440668459,939920199,313324638,150,8,complete,0e8306dd9b40f6f383e06a16c2d3739065d2277b4dbb13054173a9c071661f2a,452,,,0.4622279000468552,0.39000000001396984,,0.6025812324929971,0.35714285714285715,0.24543837535013996,28,28,0,10,5,True,3,3,0.4,0.4,0.0,0.0,0.0,0.01138244823891649,-0.010660386252675347,0.01138244823891649,-0.010660386252675347,0.00493623126441167,-0.003930734931241945,0.0010622543540007062,8,0.0028244597642134574,0.0064651326461672405,0.009080455909478008,0.011172714520126633,0.011695779172788787,0.0,0.0011151090746789282,0.004993553543472475,0.008870067834995363,0.025723038652541788,0.03166585765546865,0,8,0.0,0.00375,0,0.0010396039603960397,10,0.35714285714285715,0.5,0.5,False,2,0.07142857142857142,1.0,0.2,False,1,0.03571428571428571,1.0,0.1,False,0,0.0,nan,0.0,True,9,0.32142857142857145,0.5555555555555556,0.5,False,2,0.07142857142857142,1.0,0.2,False,1,0.03571428571428571,1.0,0.1,False,0,0.0,nan,0.0,True,"[""V00"",""V01"",""V02"",""V03"",""V04"",""V05"",""V06"",""V07""]",,,,,,,F_development_5054_cin_pairs.csv.gz,
F,development,5055,cin,3477813409,1228795353,3989968269,3887170605,1239590771,150,8,complete,0e8306dd9b40f6f383e06a16c2d3739065d2277b4dbb13054173a9c071661f2a,36,,,0.6517179999500513,0.5940000000409782,,0.5895439686171952,0.35714285714285715,0.232401111474338,28,28,0,10,1,True,4,4,1.0,1.0,0.0,0.0,0.0,0.009703312604520991,-0.007402103257567699,0.009703312604520991,-0.007402103257567699,0.005091907317391973,-0.0038105181738421227,0.004092407878182319,8,0.0012939752604833057,0.007753780741014432,0.014519633022257006,0.019932314847251078,0.021285485303499597,0.0,0.0018811251185746,0.011881386392468633,0.019591946160952528,0.025656414736844296,0.02663316566894549,0,8,0.0,0.015,0,0.0008415841584158417,9,0.32142857142857145,0.5555555555555556,0.5,False,1,0.03571428571428571,1.0,0.1,False,1,0.03571428571428571,1.0,0.1,False,1,0.03571428571428571,1.0,0.1,False,8,0.2857142857142857,0.5,0.4,False,1,0.03571428571428571,1.0,0.1,False,1,0.03571428571428571,1.0,0.1,False,1,0.03571428571428571,1.0,0.1,False,"[""V00"",""V01"",""V02"",""V03"",""V04"",""V05"",""V06"",""V07""]",,,,,,,F_development_5055_cin_pairs.csv.gz,
F,development,5056,cin,4046307536,51645279,3150975278,4208067873,2073292621,150,8,complete,0e8306dd9b40f6f383e06a16c2d3739065d2277b4dbb13054173a9c071661f2a,214,,,0.6312505999812856,0.5459999999729916,,0.7570813881107997,0.35714285714285715,0.3999385309679426,28,28,0,10,3,True,4,4,1.0,1.0,0.3333333333333333,0.3333333333333333,0.3333333333333333,0.00831898355264298,-0.004034021994322389,0.00831898355264298,-0.004034021994322389,0.004956010088005546,-0.0026901037090038917,-0.008783960881475442,8,0.0016239477192972005,0.008920191200181766,0.022519558283525157,0.038451663873858954,0.04243469027144243,0.0,0.0020311059572877227,0.014230911841731616,0.017593922305241875,0.022465875108335472,0.023948126126974282,0,8,0.0,0.00375,0,0.0018316831683168316,13,0.4642857142857143,0.6153846153846154,0.8,False,3,0.10714285714285714,0.6666666666666666,0.2,False,1,0.03571428571428571,1.0,0.1,False,1,0.03571428571428571,1.0,0.1,False,11,0.39285714285714285,0.7272727272727273,0.8,False,3,0.10714285714285714,0.6666666666666666,0.2,False,1,0.03571428571428571,1.0,0.1,False,1,0.03571428571428571,1.0,0.1,False,"[""V00"",""V01"",""V02"",""V03"",""V04"",""V05"",""V06"",""V07""]",,,,,,,F_development_5056_cin_pairs.csv.gz,
F,development,5057,cin,377488629,1447889391,3929957854,1225056583,3766813537,150,8,complete,0e8306dd9b40f6f383e06a16c2d3739065d2277b4dbb13054173a9c071661f2a,343,,,0.7613326000282541,0.6870000000344589,,0.7142989417989417,0.35714285714285715,0.35715608465608456,28,28,0,10,3,True,2,2,1.0,1.0,0.6666666666666666,0.0,0.0,0.006587121117024626,-0.006587121117024626,0.006587121117024626,-0.006587121117024626,0.003268733877673386,-0.0023138040405595544,-0.008581456005088507,8,0.002558599309041707,0.006661215745493397,0.007175655603936385,0.00724799849285027,0.007266084215078742,0.0,0.001202740338485952,0.0047666191763051455,0.0059886792117574954,0.007475358927851396,0.008017409640165677,0,8,0.0,0.0,0,0.0044074441717589785,14,0.5,0.5,0.7,False,3,0.10714285714285714,1.0,0.3,False,0,0.0,nan,0.0,True,0,0.0,nan,0.0,True,10,0.35714285714285715,0.5,0.5,False,3,0.10714285714285714,1.0,0.3,False,0,0.0,nan,0.0,True,0,0.0,nan,0.0,True,"[""V00"",""V01"",""V02"",""V03"",""V04"",""V05"",""V06"",""V07""]",,,,,,,F_development_5057_cin_pairs.csv.gz,
F,development,5058,cin,3966992957,406411560,1750332471,170137828,3109695065,150,8,complete,0e8306dd9b40f6f383e06a16c2d3739065d2277b4dbb13054173a9c071661f2a,125,,,0.5380333000794053,0.46899999992456287,,0.4625831086996789,0.35714285714285715,0.10544025155682174,28,28,0,10,2,True,2,2,1.0,1.0,0.5,0.0,0.0,0.006699280298916946,-0.006699280298916946,0.006699280298916946,-0.006699280298916946,0.00402679622423818,-0.0023905621320693313,-0.0025872113239263682,8,0.001861719704096341,0.0067386308306637095,0.009515354417360282,0.009894017871704021,0.009988683735289956,0.0,0.001519875493404023,0.008718563621776077,0.011319685465015187,0.013057834849662216,0.013384558546178713,0,8,0.0,0.0016666666666666668,0,0.0005445544554455446,16,0.5714285714285714,0.375,0.6,False,2,0.07142857142857142,0.5,0.1,False,0,0.0,nan,0.0,True,0,0.0,nan,0.0,True,12,0.42857142857142855,0.4166666666666667,0.5,False,2,0.07142857142857142,0.5,0.1,False,0,0.0,nan,0.0,True,0,0.0,nan,0.0,True,"[""V00"",""V01"",""V02"",""V03"",""V04"",""V05"",""V06"",""V07""]",,,,,,,F_development_5058_cin_pairs.csv.gz,
F,development,5059,cin,2825595741,3968333487,3877624220,3112215216,4553264,150,8,complete,0e8306dd9b40f6f383e06a16c2d3739065d2277b4dbb13054173a9c071661f2a,84,,,1.506732700043358,1.437999999965541,,0.6685090399796282,0.35714285714285715,0.31136618283677103,28,28,0,10,3,True,3,3,0.6666666666666666,0.6666666666666666,0.3333333333333333,0.3333333333333333,0.0,0.008149118709177703,-0.0068777356653557525,0.008149118709177703,-0.0068777356653557525,0.004165788648196613,-0.0028354374761342363,-0.005248758226309935,8,0.0039322913046816645,0.010441751258606571,0.01156848543529661,0.012469872776648645,0.012695219611986653,0.0,0.0012039494013720564,0.004298168398806779,0.00460554632134048,0.006581485479145572,0.007279046168156953,0,8,0.0,0.0,0,0.05378772840255961,10,0.35714285714285715,0.5,0.5,False,4,0.14285714285714285,0.75,0.3,False,2,0.07142857142857142,1.0,0.2,False,0,0.0,nan,0.0,True,8,0.2857142857142857,0.5,0.4,False,4,0.14285714285714285,0.75,0.3,False,2,0.07142857142857142,1.0,0.2,False,0,0.0,nan,0.0,True,"[""V00"",""V01"",""V02"",""V03"",""V04"",""V05"",""V06"",""V07""]",,,,,,,F_development_5059_cin_pairs.csv.gz,
F,development,5060,cin,2880796570,3928579912,3853220033,467312531,2936557410,150,8,complete,0e8306dd9b40f6f383e06a16c2d3739065d2277b4dbb13054173a9c071661f2a,64,,,0.6021557000931352,0.5150000000139698,,0.5493857832988267,0.35714285714285715,0.19224292615596955,28,28,0,10,1,True,3,3,0.0,0.0,0.0,0.0,0.0,0.012728031311636792,-0.011152627649555715,0.012728031311636792,-0.011152627649555715,0.006221335976966307,-0.005140449725206762,0.0121718998897487,8,0.002018044088889894,0.005930977378100898,0.009518283940781712,0.012388129190926366,0.013105590503462525,0.0,0.0027405016212125677,0.01971743403879494,0.02386439717958498,0.02683072662996026,0.0279076227351517,0,8,0.0,0.0025,0,0.0010396039603960397,11,0.39285714285714285,0.45454545454545453,0.5,False,2,0.07142857142857142,1.0,0.2,False,1,0.03571428571428571,1.0,0.1,False,0,0.0,nan,0.0,True,8,0.2857142857142857,0.5,0.4,False,2,0.07142857142857142,1.0,0.2,False,1,0.03571428571428571,1.0,0.1,False,0,0.0,nan,0.0,True,"[""V00"",""V01"",""V02"",""V03"",""V04"",""V05"",""V06"",""V07""]",,,,,,,F_development_5060_cin_pairs.csv.gz,
F,development,5061,cin,4115472185,1511964636,669168571,422673979,2856115643,150,8,complete,0e8306dd9b40f6f383e06a16c2d3739065d2277b4dbb13054173a9c071661f2a,169,,,0.5356355999829248,0.4529999999795109,,0.7461095921622236,0.35714285714285715,0.38896673501936646,28,28,0,10,2,True,4,4,1.0,1.0,1.0,0.0,0.0,0.013993027552602505,0.0024387361843041353,0.013993027552602505,0.0024387361843041353,0.006532997230369057,0.0006445497134840375,-0.013808793890998424,8,0.004090250680897004,0.011310722495018402,0.03609184068933428,0.07255762470625077,0.08167407071047995,0.0,0.0025572163616451923,0.013949137831189755,0.024578086369891512,0.05588565702699971,0.06570805145948935,0,8,0.0,0.005416666666666667,0,0.0009405940594059407,14,0.5,0.5,0.7,False,7,0.25,0.8571428571428571,0.6,False,3,0.10714285714285714,1.0,0.3,False,1,0.03571428571428571,1.0,0.1,False,12,0.42857142857142855,0.5,0.6,False,6,0.21428571428571427,0.8333333333333334,0.5,False,2,0.07142857142857142,1.0,0.2,False,1,0.03571428571428571,1.0,0.1,False,"[""V00"",""V01"",""V02"",""V03"",""V04"",""V05"",""V06"",""V07""]",,,,,,,F_development_5061_cin_pairs.csv.gz,
F,development,5062,cin,3857026441,3626696789,521312985,2723210246,4102903120,150,8,complete,0e8306dd9b40f6f383e06a16c2d3739065d2277b4dbb13054173a9c071661f2a,24,,,0.508566900040023,0.43700000003445894,,0.6397619047619046,0.35714285714285715,0.2826190476190475,28,28,0,10,4,True,4,4,0.75,0.75,0.5,0.25,0.0,0.012465448118450309,-0.00764094587216092,0.012465448118450309,-0.00764094587216092,0.00721365306748104,-0.0026262931786606445,-0.011287633804419654,8,0.004884390816957826,0.018524643247474035,0.02081517299515238,0.02142633402069261,0.021579124277077665,0.0,0.0035837124197516,0.019684845085324983,0.030531202599973377,0.05367490547567024,0.06099503273792745,0,8,0.0,0.006666666666666667,0,0.0010396039603960397,16,0.5714285714285714,0.4375,0.7,False,8,0.2857142857142857,0.75,0.6,False,4,0.14285714285714285,0.75,0.3,False,2,0.07142857142857142,0.5,0.1,False,12,0.42857142857142855,0.5,0.6,False,8,0.2857142857142857,0.75,0.6,False,4,0.14285714285714285,0.75,0.3,False,2,0.07142857142857142,0.5,0.1,False,"[""V00"",""V01"",""V02"",""V03"",""V04"",""V05"",""V06"",""V07""]",,,,,,,F_development_5062_cin_pairs.csv.gz,
F,development,5063,cin,483525658,3832740627,1414290937,253526186,4159779954,150,8,complete,0e8306dd9b40f6f383e06a16c2d3739065d2277b4dbb13054173a9c071661f2a,141,,,0.8478770999936387,0.7650000000139698,,0.5660796221322537,0.35714285714285715,0.20893676498939656,28,28,0,10,1,True,3,3,1.0,1.0,1.0,0.0,0.0,0.007676412938367483,-0.00510458894954244,0.007676412938367483,-0.00510458894954244,0.005533836870204257,-0.0029367410529781116,-0.0017226316854484975,8,0.0010037006102604962,0.012046621759781072,0.01341885820651019,0.01495179157290207,0.01533502491450004,0.0,0.0019576565188495513,0.012750327711914951,0.01315560269221966,0.019636988279877997,0.02201550653675911,0,8,0.0,0.010833333333333334,0,0.00034653465346534657,15,0.5357142857142857,0.4666666666666667,0.7,False,5,0.17857142857142858,0.8,0.4,False,3,0.10714285714285714,0.6666666666666666,0.2,False,0,0.0,nan,0.0,True,8,0.2857142857142857,0.5,0.4,False,4,0.14285714285714285,0.75,0.3,False,3,0.10714285714285714,0.6666666666666666,0.2,False,0,0.0,nan,0.0,True,"[""V00"",""V01"",""V02"",""V03"",""V04"",""V05"",""V06"",""V07""]",,,,,,,F_development_5063_cin_pairs.csv.gz,
F,development,5064,cin,3003131508,1083513496,3857343379,3651702358,3499916631,150,8,complete,0e8306dd9b40f6f383e06a16c2d3739065d2277b4dbb13054173a9c071661f2a,71,,,0.5179927999852225,0.4529999999795109,,0.4587508544087491,0.35714285714285715,0.10160799726589193,28,28,0,10,1,True,4,4,1.0,1.0,1.0,1.0,0.0,0.009326810876674366,-0.0037348966573517287,0.009326810876674366,-0.0037348966573517287,0.005755078946525692,-0.0010071769137204153,-0.000795721865934673,8,0.002647988563782971,0.013579722085054664,0.022085570101725127,0.03329226425087819,0.03609393778816647,0.0,0.003936374326078947,0.008030068540781055,0.018220213634965777,0.04906448654502035,0.05887274770047071,0,8,0.0,0.004583333333333333,0,0.00034653465346534657,14,0.5,0.2857142857142857,0.4,False,5,0.17857142857142858,0.6,0.3,False,3,0.10714285714285714,0.6666666666666666,0.2,False,1,0.03571428571428571,1.0,0.1,False,11,0.39285714285714285,0.36363636363636365,0.4,False,5,0.17857142857142858,0.6,0.3,False,3,0.10714285714285714,0.6666666666666666,0.2,False,1,0.03571428571428571,1.0,0.1,False,"[""V00"",""V01"",""V02"",""V03"",""V04"",""V05"",""V06"",""V07""]",,,,,,,F_development_5064_cin_pairs.csv.gz,
F,development,5065,cin,2257723914,252208934,3148887587,1647626850,3377807124,150,8,complete,0e8306dd9b40f6f383e06a16c2d3739065d2277b4dbb13054173a9c071661f2a,105,,,0.48294320004060864,0.40700000000651926,,0.7798710113415994,0.35714285714285715,0.42272815419874227,28,28,0,10,4,True,3,3,0.75,0.75,0.5,0.25,0.0,0.007105437849914825,-0.006421184888269588,0.007105437849914825,-0.006421184888269588,0.0036739596213719384,-0.0031226321561383225,-0.0021590079092348212,8,0.001056530641883807,0.007531635692349058,0.012631292621215071,0.017201369235904714,0.01834388838957713,0.0,0.0003280988746120797,0.0035199197454592037,0.004330466548693666,0.006916802276850797,0.007836038947286246,0,8,0.0,0.0,0,0.05466558346297274,14,0.5,0.5,0.7,False,2,0.07142857142857142,1.0,0.2,False,1,0.03571428571428571,1.0,0.1,False,0,0.0,nan,0.0,True,14,0.5,0.5,0.7,False,2,0.07142857142857142,1.0,0.2,False,1,0.03571428571428571,1.0,0.1,False,0,0.0,nan,0.0,True,"[""V00"",""V01"",""V02"",""V03"",""V04"",""V05"",""V06"",""V07""]",,,,,,,F_development_5065_cin_pairs.csv.gz,
F,development,5066,cin,1993042263,4063531706,2338953050,4257932860,425012856,150,8,complete,0e8306dd9b40f6f383e06a16c2d3739065d2277b4dbb13054173a9c071661f2a,65,,,0.4844444999471307,0.40700000000651926,,0.6342591773551525,0.35714285714285715,0.2771163202122953,28,28,0,10,2,True,4,4,0.5,0.5,0.5,0.5,0.5,0.01044682197544716,-0.0071899809213397305,0.01044682197544716,-0.0071899809213397305,0.005634888188647649,-0.004162053142166548,0.005455559904935115,8,0.0008263540750019743,0.01219998945728556,0.022108217385210523,0.03003479972755051,0.03201644531313551,0.0,0.0022793392968641613,0.009675472835344777,0.017283920879674113,0.021558026904083264,0.021686055385894548,0,8,0.0,0.0008333333333333334,0,0.002623762376237624,9,0.32142857142857145,0.5555555555555556,0.5,False,2,0.07142857142857142,1.0,0.2,False,1,0.03571428571428571,1.0,0.1,False,1,0.03571428571428571,1.0,0.1,False,5,0.17857142857142858,0.8,0.4,False,2,0.07142857142857142,1.0,0.2,False,1,0.03571428571428571,1.0,0.1,False,1,0.03571428571428571,1.0,0.1,False,"[""V00"",""V01"",""V02"",""V03"",""V04"",""V05"",""V06"",""V07""]",,,,,,,F_development_5066_cin_pairs.csv.gz,
F,development,5067,cin,1450195632,360135641,3703368825,2389649417,1343718796,150,8,complete,0e8306dd9b40f6f383e06a16c2d3739065d2277b4dbb13054173a9c071661f2a,67,,,0.49124400003347546,0.4220000000204891,,0.5831842231842231,0.35714285714285715,0.226041366041366,28,28,0,10,1,True,3,3,0.0,0.0,0.0,0.0,0.0,0.007707651285024368,-0.004462491395927299,0.007707651285024368,-0.004462491395927299,0.004108773536339677,-0.0017161334559448935,-0.002653287350411896,8,0.0021836498959838533,0.013241750577783094,0.014629672623241021,0.015638878415066056,0.01589117986302231,0.0,0.0014623061099131988,0.006796363513028016,0.012262986356983174,0.020451264580543894,0.022658298687592546,0,8,0.0,0.005833333333333334,0,0.0008415841584158417,12,0.42857142857142855,0.4166666666666667,0.5,False,4,0.14285714285714285,0.75,0.3,False,3,0.10714285714285714,0.6666666666666666,0.2,False,0,0.0,nan,0.0,True,12,0.42857142857142855,0.4166666666666667,0.5,False,4,0.14285714285714285,0.75,0.3,False,3,0.10714285714285714,0.6666666666666666,0.2,False,0,0.0,nan,0.0,True,"[""V00"",""V01"",""V02"",""V03"",""V04"",""V05"",""V06"",""V07""]",,,,,,,F_development_5067_cin_pairs.csv.gz,
F,development,5068,cin,3279244971,2202088077,697059079,1494006385,3052678630,150,8,complete,0e8306dd9b40f6f383e06a16c2d3739065d2277b4dbb13054173a9c071661f2a,162,,,0.5214237000327557,0.43799999996554106,,0.5723148148148148,0.35714285714285715,0.21517195767195768,28,28,0,10,1,True,2,2,1.0,1.0,1.0,0.0,0.0,0.0071778307226370965,-0.0071778307226370965,0.0071778307226370965,-0.0071778307226370965,0.005084944639365367,-0.00380780530663897,0.006913261369219725,8,0.00283720599263257,0.0060165038851858095,0.006881087140412629,0.007847121327906641,0.008088629874780144,0.0,0.001745717439470162,0.009757532781289048,0.016825917700800854,0.020552969799341736,0.021168791259221616,0,8,0.0,0.00125,0,0.0018316831683168316,15,0.5357142857142857,0.4666666666666667,0.7,False,3,0.10714285714285714,0.3333333333333333,0.1,False,0,0.0,nan,0.0,True,0,0.0,nan,0.0,True,12,0.42857142857142855,0.5833333333333334,0.7,False,2,0.07142857142857142,0.5,0.1,False,0,0.0,nan,0.0,True,0,0.0,nan,0.0,True,"[""V00"",""V01"",""V02"",""V03"",""V04"",""V05"",""V06"",""V07""]",,,,,,,F_development_5068_cin_pairs.csv.gz,
F,development,5069,cin,4018505995,616520636,618001286,1663897005,778509946,150,8,complete,0e8306dd9b40f6f383e06a16c2d3739065d2277b4dbb13054173a9c071661f2a,210,,,0.988695300067775,0.9060000000754371,,0.6997820638552904,0.35714285714285715,0.34263920671243325,28,28,0,10,2,True,2,2,0.5,0.5,0.0,0.0,0.0,0.009900007934970508,-0.009900007934970508,0.009900007934970508,-0.009900007934970508,0.005089871612498756,-0.004834179692719938,0.010720692295281354,8,0.0009712836622061586,0.004519442674344794,0.005127063216355586,0.00561315964996422,0.005734683758366378,0.0,0.0007520110898569686,0.007931605625241936,0.015070147268433278,0.03055441845680616,0.03520016686527308,0,8,0.0,0.004583333333333333,0,0.0011386138613861388,11,0.39285714285714285,0.5454545454545454,0.6,False,1,0.03571428571428571,1.0,0.1,False,0,0.0,nan,0.0,True,0,0.0,nan,0.0,True,9,0.32142857142857145,0.5555555555555556,0.5,False,1,0.03571428571428571,1.0,0.1,False,0,0.0,nan,0.0,True,0,0.0,nan,0.0,True,"[""V00"",""V01"",""V02"",""V03"",""V04"",""V05"",""V06"",""V07""]",,,,,,,F_development_5069_cin_pairs.csv.gz,
F,development,5070,cin,4086762313,3575741120,3487301761,2433107110,121504685,150,8,complete,0e8306dd9b40f6f383e06a16c2d3739065d2277b4dbb13054173a9c071661f2a,2,,,1.0557356999488547,0.9690000000409782,,0.6727433496455235,0.35714285714285715,0.31560049250266636,28,28,0,10,4,True,4,4,0.75,0.75,0.75,0.75,0.25,0.007953836822672842,-0.0026855831893799727,0.007953836822672842,-0.0026855831893799727,0.0056790808770585946,-0.0013287168331867101,-0.010983093963577596,8,0.006076019546087708,0.019049062029735404,0.023297354082319442,0.028056374863238233,0.02924613005846794,0.0,0.004093190663303572,0.015040230196423372,0.020548041055095854,0.02119936523231913,0.021234086165861515,0,8,0.0,0.003333333333333333,0,0.0008415841584158417,13,0.4642857142857143,0.46153846153846156,0.6,False,7,0.25,0.5714285714285714,0.4,False,5,0.17857142857142858,0.8,0.4,False,1,0.03571428571428571,1.0,0.1,False,8,0.2857142857142857,0.5,0.4,False,7,0.25,0.5714285714285714,0.4,False,5,0.17857142857142858,0.8,0.4,False,1,0.03571428571428571,1.0,0.1,False,"[""V00"",""V01"",""V02"",""V03"",""V04"",""V05"",""V06"",""V07""]",,,,,,,F_development_5070_cin_pairs.csv.gz,
F,development,5071,cin,2723491739,270978682,184288509,2695311971,3029493057,150,8,complete,0e8306dd9b40f6f383e06a16c2d3739065d2277b4dbb13054173a9c071661f2a,201,,,0.9673997999634594,0.9059999999590218,,0.5768333333333333,0.35714285714285715,0.21969047619047616,28,28,0,10,4,True,2,2,0.75,0.75,0.25,0.0,0.0,0.007690300040490143,-0.007690300040490143,0.007690300040490143,-0.007690300040490143,0.003654879631547673,-0.002688352393977883,-0.00275409537502633,8,0.0016534160369552472,0.0041212361371177186,0.004856481749471309,0.005853377761908554,0.006102601765017867,0.0,0.0009077330177779159,0.004625262372438287,0.005001066278019708,0.006638579667994006,0.0072417923807805325,0,8,0.0,0.0,0,0.04739015620206174,16,0.5714285714285714,0.5,0.8,False,1,0.03571428571428571,1.0,0.1,False,0,0.0,nan,0.0,True,0,0.0,nan,0.0,True,14,0.5,0.5,0.7,False,1,0.03571428571428571,1.0,0.1,False,0,0.0,nan,0.0,True,0,0.0,nan,0.0,True,"[""V00"",""V01"",""V02"",""V03"",""V04"",""V05"",""V06"",""V07""]",,,,,,,F_development_5071_cin_pairs.csv.gz,
F,development,5072,cin,4153496872,3520685306,598231574,1179744915,3119444239,150,8,complete,0e8306dd9b40f6f383e06a16c2d3739065d2277b4dbb13054173a9c071661f2a,95,,,1.5438379000406712,1.4689999999245629,,0.5925595238095237,0.35714285714285715,0.23541666666666655,28,28,0,10,3,True,4,4,0.6666666666666666,0.6666666666666666,0.3333333333333333,0.3333333333333333,0.3333333333333333,0.022322639320627984,-0.01474884892021558,0.022322639320627984,-0.01474884892021558,0.010599632015483543,-0.006035371417608816,0.022158293270191375,8,0.005716975421970928,0.02004105711546174,0.0278376886801998,0.034074993931990254,0.03563432024493786,0.0,0.004633764573172281,0.020659882984919963,0.028539921549872987,0.08243561599488422,0.10083761249189126,0,8,0.0,0.0033333333333333335,0,0.0012376237623762376,11,0.39285714285714285,0.45454545454545453,0.5,False,6,0.21428571428571427,0.6666666666666666,0.4,False,3,0.10714285714285714,0.6666666666666666,0.2,False,2,0.07142857142857142,1.0,0.2,False,9,0.32142857142857145,0.4444444444444444,0.4,False,5,0.17857142857142858,0.6,0.3,False,3,0.10714285714285714,0.6666666666666666,0.2,False,2,0.07142857142857142,1.0,0.2,False,"[""V00"",""V01"",""V02"",""V03"",""V04"",""V05"",""V06"",""V07""]",,,,,,,F_development_5072_cin_pairs.csv.gz,
F,development,5073,cin,3647599505,3812698055,1382901294,174701735,1225320217,150,8,complete,0e8306dd9b40f6f383e06a16c2d3739065d2277b4dbb13054173a9c071661f2a,43,,,0.9535977999912575,0.8910000000614673,,0.5404095577624989,0.35714285714285715,0.18326670061964173,28,28,0,10,3,True,3,3,0.3333333333333333,0.3333333333333333,0.0,0.0,0.0,0.00950262011682246,-0.008835682303271197,0.00950262011682246,-0.008835682303271197,0.005699473699038281,-0.00490764458418007,0.004212831890748727,8,0.0012173191057978027,0.0036647761517554383,0.0069995238726473135,0.009667322049360817,0.010334271593539189,0.0,0.0034039921800849966,0.02045253521574871,0.024176999894593515,0.02648537966588378,0.027128593152170973,0,8,0.0,0.004166666666666667,0,0.0014356435643564356,11,0.39285714285714285,0.45454545454545453,0.5,False,1,0.03571428571428571,1.0,0.1,False,1,0.03571428571428571,1.0,0.1,False,0,0.0,nan,0.0,True,9,0.32142857142857145,0.3333333333333333,0.3,False,1,0.03571428571428571,1.0,0.1,False,1,0.03571428571428571,1.0,0.1,False,0,0.0,nan,0.0,True,"[""V00"",""V01"",""V02"",""V03"",""V04"",""V05"",""V06"",""V07""]",,,,,,,F_development_5073_cin_pairs.csv.gz,
F,development,5074,cin,1598860178,3731209901,1611429871,821887828,1426134043,150,8,complete,0e8306dd9b40f6f383e06a16c2d3739065d2277b4dbb13054173a9c071661f2a,229,,,0.5067039000568911,0.43700000003445894,,0.7194397759103641,0.35714285714285715,0.36229691876750697,28,28,0,10,4,True,4,4,0.75,0.75,0.5,0.25,0.25,0.007006946130391311,-0.005813274804318565,0.007006946130391311,-0.005813274804318565,0.0030231931120248577,-0.0022141310189635376,-0.00812988866332032,8,0.0020372134026264725,0.009009383109454764,0.016512699660987507,0.022515352902213726,0.024016016212520273,0.0,0.00033738432752156513,0.0028176448041850586,0.0031497679121779767,0.004213391054936888,0.004594199701154189,0,8,0.0,0.0,0,0.061068835113404364,10,0.35714285714285715,0.7,0.7,False,2,0.07142857142857142,1.0,0.2,False,1,0.03571428571428571,1.0,0.1,False,1,0.03571428571428571,1.0,0.1,False,10,0.35714285714285715,0.7,0.7,False,2,0.07142857142857142,1.0,0.2,False,1,0.03571428571428571,1.0,0.1,False,1,0.03571428571428571,1.0,0.1,False,"[""V00"",""V01"",""V02"",""V03"",""V04"",""V05"",""V06"",""V07""]",,,,,,,F_development_5074_cin_pairs.csv.gz,
F,development,5075,cin,565954899,2425088665,103991157,3437893472,776374255,150,8,complete,0e8306dd9b40f6f383e06a16c2d3739065d2277b4dbb13054173a9c071661f2a,9,,,0.844900899915956,0.7809999999590218,,0.6455812324929971,0.35714285714285715,0.28843837535014,28,28,0,10,3,True,4,4,1.0,1.0,0.6666666666666666,0.6666666666666666,0.3333333333333333,0.009004556675030504,-0.00551610592368899,0.009004556675030504,-0.00551610592368899,0.004680229019856534,-0.002746909936924597,-0.0015871917690859232,8,0.002391764306874906,0.013345779784802845,0.02033723715679754,0.02627692660428419,0.02776184896615584,0.0,0.0016126835222432232,0.009993427942593038,0.012017754878737514,0.017374991823309635,0.019282399338617907,0,8,0.0,0.0008333333333333334,0,0.0019306930693069309,12,0.42857142857142855,0.5,0.6,False,3,0.10714285714285714,0.6666666666666666,0.2,False,2,0.07142857142857142,1.0,0.2,False,1,0.03571428571428571,1.0,0.1,False,9,0.32142857142857145,0.5555555555555556,0.5,False,3,0.10714285714285714,0.6666666666666666,0.2,False,2,0.07142857142857142,1.0,0.2,False,1,0.03571428571428571,1.0,0.1,False,"[""V00"",""V01"",""V02"",""V03"",""V04"",""V05"",""V06"",""V07""]",,,,,,,F_development_5075_cin_pairs.csv.gz,
F,development,5076,cin,3063946204,851655789,197131636,4102054745,2515736183,150,8,complete,0e8306dd9b40f6f383e06a16c2d3739065d2277b4dbb13054173a9c071661f2a,403,,,0.5319935000734404,0.4530000000959262,,0.7253587588881706,0.35714285714285715,0.36821590174531343,28,28,0,10,5,True,4,4,1.0,1.0,0.6,0.4,0.2,0.011694459715912018,0.00031137030238558103,0.011694459715912018,0.00031137030238558103,0.008030684723663068,-0.0028590705794152016,0.015018596149148137,8,0.002297996472604306,0.0181464948414998,0.03848511641808041,0.057799974843636796,0.06262868945002585,0.0,0.0027272570045615086,0.015935429337653354,0.019656489191379533,0.05525247278221992,0.06841517350211242,0,8,0.0,0.008333333333333333,0,0.0010396039603960397,12,0.42857142857142855,0.5,0.6,False,5,0.17857142857142858,0.8,0.4,False,3,0.10714285714285714,1.0,0.3,False,1,0.03571428571428571,1.0,0.1,False,8,0.2857142857142857,0.5,0.4,False,3,0.10714285714285714,1.0,0.3,False,3,0.10714285714285714,1.0,0.3,False,1,0.03571428571428571,1.0,0.1,False,"[""V00"",""V01"",""V02"",""V03"",""V04"",""V05"",""V06"",""V07""]",,,,,,,F_development_5076_cin_pairs.csv.gz,
F,development,5077,cin,2719021454,1621997761,26758665,3004465088,3205198536,150,8,complete,0e8306dd9b40f6f383e06a16c2d3739065d2277b4dbb13054173a9c071661f2a,81,,,0.45924860006198287,0.39000000001396984,,0.6429329004329004,0.35714285714285715,0.28579004329004326,28,28,0,10,4,True,4,4,0.75,0.75,0.75,0.25,0.25,0.009436780521958735,-0.001752902293734032,0.009436780521958735,-0.001752902293734032,0.005508052777284508,0.00010731444549320973,-0.026331861737482705,8,0.005442533946478988,0.010948571941594017,0.018064691001193754,0.035040417363931035,0.0392843489546154,0.0,0.0025078398420999566,0.008450393742219144,0.014610559200236326,0.038065638293775975,0.045762478783323936,0,8,0.0,0.005833333333333334,0,0.0015346534653465347,18,0.6428571428571429,0.4444444444444444,0.8,False,9,0.32142857142857145,0.6666666666666666,0.6,False,2,0.07142857142857142,1.0,0.2,False,1,0.03571428571428571,1.0,0.1,False,16,0.5714285714285714,0.5,0.8,False,9,0.32142857142857145,0.6666666666666666,0.6,False,2,0.07142857142857142,1.0,0.2,False,1,0.03571428571428571,1.0,0.1,False,"[""V00"",""V01"",""V02"",""V03"",""V04"",""V05"",""V06"",""V07""]",,,,,,,F_development_5077_cin_pairs.csv.gz,
F,development,5078,cin,4219492101,4160575050,1340294715,1182023051,2955455468,150,8,complete,0e8306dd9b40f6f383e06a16c2d3739065d2277b4dbb13054173a9c071661f2a,4,,,0.4888356999726966,0.4220000000204891,,0.6348015873015872,0.35714285714285715,0.27765873015873005,28,28,0,10,2,True,3,3,1.0,1.0,1.0,0.5,0.0,0.007356117895490709,-0.004320835601215744,0.007356117895490709,-0.004320835601215744,0.005206764813877994,-0.0020409751062298513,-0.007123090072605004,8,0.005893647119024592,0.0139231919825341,0.015304497983630252,0.016409542784507174,0.016685803984726404,0.0,0.0021086859370781793,0.01221021851565876,0.01916297593967229,0.02396576964996781,0.0249377737696327,0,8,0.0,0.0016666666666666668,0,0.0016336633663366338,11,0.39285714285714285,0.5454545454545454,0.6,False,6,0.21428571428571427,0.6666666666666666,0.4,False,4,0.14285714285714285,0.5,0.2,False,0,0.0,nan,0.0,True,10,0.35714285714285715,0.5,0.5,False,6,0.21428571428571427,0.6666666666666666,0.4,False,4,0.14285714285714285,0.5,0.2,False,0,0.0,nan,0.0,True,"[""V00"",""V01"",""V02"",""V03"",""V04"",""V05"",""V06"",""V07""]",,,,,,,F_development_5078_cin_pairs.csv.gz,
F,development,5079,cin,3906268794,2907793809,487224455,4058900522,2561320872,150,8,complete,0e8306dd9b40f6f383e06a16c2d3739065d2277b4dbb13054173a9c071661f2a,21,,,0.702763699926436,0.6400000000139698,,0.4815385194515629,0.35714285714285715,0.12439566230870575,28,28,0,10,3,True,4,4,0.6666666666666666,0.6666666666666666,0.6666666666666666,0.6666666666666666,0.6666666666666666,0.019437090151582872,-0.007916092653869316,0.019437090151582872,-0.007916092653869316,0.01156498364161171,-0.005311636426470113,0.002307082477076741,8,0.0007579022811899081,0.03678233687932265,0.042052861980005705,0.04626928206055217,0.047323387080688784,0.0,0.0022022060309160045,0.02114944181274025,0.031105323651995677,0.03261960037315744,0.03300964422004948,0,8,0.0,0.0020833333333333333,0,0.0011386138613861388,10,0.35714285714285715,0.3,0.3,False,3,0.10714285714285714,0.6666666666666666,0.2,False,3,0.10714285714285714,0.6666666666666666,0.2,False,3,0.10714285714285714,0.6666666666666666,0.2,False,9,0.32142857142857145,0.3333333333333333,0.3,False,3,0.10714285714285714,0.6666666666666666,0.2,False,3,0.10714285714285714,0.6666666666666666,0.2,False,3,0.10714285714285714,0.6666666666666666,0.2,False,"[""V00"",""V01"",""V02"",""V03"",""V04"",""V05"",""V06"",""V07""]",,,,,,,F_development_5079_cin_pairs.csv.gz,
F,development,5080,cin,970476571,363560402,998553986,2667358573,2705919247,150,8,complete,0e8306dd9b40f6f383e06a16c2d3739065d2277b4dbb13054173a9c071661f2a,34,,,0.6900978999910876,0.625,,0.6117805697353752,0.35714285714285715,0.25463771259251805,28,28,0,10,4,True,4,4,0.75,0.75,0.5,0.5,0.25,0.009121721957657673,-0.006439704053107255,0.009121721957657673,-0.006439704053107255,0.004947116194679572,-0.0035332188704886055,-0.0034013709299710315,8,0.0030400905759244484,0.01844186487153169,0.024975478996507774,0.03020237029648865,0.031509093121483873,0.0,0.0015709190174871485,0.006119017089696307,0.008075721516114888,0.010549150193967008,0.011432811169845278,0,8,0.0,0.0,0,0.026508192586421443,8,0.2857142857142857,0.5,0.4,False,3,0.10714285714285714,1.0,0.3,False,2,0.07142857142857142,1.0,0.2,False,1,0.03571428571428571,1.0,0.1,False,6,0.21428571428571427,0.6666666666666666,0.4,False,3,0.10714285714285714,1.0,0.3,False,2,0.07142857142857142,1.0,0.2,False,1,0.03571428571428571,1.0,0.1,False,"[""V00"",""V01"",""V02"",""V03"",""V04"",""V05"",""V06"",""V07""]",,,,,,,F_development_5080_cin_pairs.csv.gz,
F,development,5081,cin,4146272494,727237827,3251709361,3294929543,3353085344,150,8,complete,0e8306dd9b40f6f383e06a16c2d3739065d2277b4dbb13054173a9c071661f2a,103,,,0.4976864999625832,0.4220000000204891,,0.7247066383908489,0.35714285714285715,0.36756378124799177,28,28,0,10,3,True,4,4,1.0,1.0,1.0,1.0,0.6666666666666666,0.012686705682785218,0.0035212905496961712,0.012686705682785218,0.0035212905496961712,0.006685535453924899,0.00035451059928252616,-0.011125196984603545,8,0.0030013635003638493,0.02654934772681391,0.0417852206676889,0.05909596617611977,0.06342365255322752,0.0,0.002488849675102669,0.025253389520906017,0.027544637614513093,0.031077280770797234,0.031943902795265454,0,8,0.0,0.012083333333333335,0,0.0008415841584158417,13,0.4642857142857143,0.5384615384615384,0.7,False,6,0.21428571428571427,0.8333333333333334,0.5,False,4,0.14285714285714285,1.0,0.4,False,3,0.10714285714285714,1.0,0.3,False,10,0.35714285714285715,0.7,0.7,False,5,0.17857142857142858,1.0,0.5,False,4,0.14285714285714285,1.0,0.4,False,3,0.10714285714285714,1.0,0.3,False,"[""V00"",""V01"",""V02"",""V03"",""V04"",""V05"",""V06"",""V07""]",,,,,,,F_development_5081_cin_pairs.csv.gz,
F,development,5082,cin,1000568418,1106962469,1859682754,177832270,686206556,150,8,complete,0e8306dd9b40f6f383e06a16c2d3739065d2277b4dbb13054173a9c071661f2a,285,,,1.4369357000105083,1.3440000000409782,,0.6704924704924705,0.35714285714285715,0.31334961334961337,28,28,0,10,3,True,2,2,0.6666666666666666,0.6666666666666666,0.6666666666666666,0.0,0.0,0.007432200099761824,-0.007432200099761824,0.007432200099761824,-0.007432200099761824,0.004359398793971869,-0.0038867339043030945,-0.0013912448240609265,8,0.0014012295629291193,0.005125742602886906,0.005873428750884375,0.006718975307794241,0.006930361947021709,0.0,0.00026731240672942154,0.016623733065734947,0.018799720985608642,0.027915008421516063,0.031181882356429963,0,8,0.0,0.0004166666666666667,0,0.002227722772277228,13,0.4642857142857143,0.46153846153846156,0.6,False,2,0.07142857142857142,1.0,0.2,False,0,0.0,nan,0.0,True,0,0.0,nan,0.0,True,8,0.2857142857142857,0.375,0.3,False,1,0.03571428571428571,1.0,0.1,False,0,0.0,nan,0.0,True,0,0.0,nan,0.0,True,"[""V00"",""V01"",""V02"",""V03"",""V04"",""V05"",""V06"",""V07""]",,,,,,,F_development_5082_cin_pairs.csv.gz,
F,development,5083,cin,1384894693,1528553678,3116065234,3608399719,1433552681,150,8,complete,0e8306dd9b40f6f383e06a16c2d3739065d2277b4dbb13054173a9c071661f2a,18,,,0.5445472000865266,0.4529999999795109,,0.5619718271924155,0.35714285714285715,0.2048289700495583,28,28,0,10,4,True,2,2,0.25,0.25,0.0,0.0,0.0,0.01230750240865017,-0.01230750240865017,0.01230750240865017,-0.01230750240865017,0.007174732018335979,-0.006545021571504789,0.01480334321219752,8,0.001286253311460288,0.0050636911627733325,0.00661920299597035,0.007863612462527966,0.008174714829167372,0.0,0.0022864511020613105,0.01850870833852055,0.029674533431629922,0.04028364953223722,0.0422552516554172,0,8,0.0,0.002916666666666667,0,0.0009405940594059407,8,0.2857142857142857,0.625,0.5,False,1,0.03571428571428571,0.0,0.0,False,0,0.0,nan,0.0,True,0,0.0,nan,0.0,True,6,0.21428571428571427,0.5,0.3,False,1,0.03571428571428571,0.0,0.0,False,0,0.0,nan,0.0,True,0,0.0,nan,0.0,True,"[""V00"",""V01"",""V02"",""V03"",""V04"",""V05"",""V06"",""V07""]",,,,,,,F_development_5083_cin_pairs.csv.gz,
F,development,5084,cin,3020273146,2273621833,753076945,973381761,1741050836,150,8,complete,0e8306dd9b40f6f383e06a16c2d3739065d2277b4dbb13054173a9c071661f2a,72,,,0.5899262999882922,0.5150000000139698,,0.6927018633540372,0.35714285714285715,0.33555900621118,28,28,0,10,5,True,4,4,0.8,0.8,0.8,0.6,0.2,0.00613762554878255,-0.002912910054308786,0.00613762554878255,-0.002912910054308786,0.004247050441877843,-0.001150539408548813,-0.012483806948384876,8,0.005367970174334493,0.01714643552069315,0.019620073612585484,0.021812609123292057,0.022360743000968696,0.0,0.0013879045493992697,0.014089980880302793,0.015927300139107762,0.020948431876150163,0.022555952638563335,0,8,0.0,0.005,0,0.0008415841584158417,12,0.42857142857142855,0.5833333333333334,0.7,False,6,0.21428571428571427,0.8333333333333334,0.5,False,5,0.17857142857142858,0.8,0.4,False,1,0.03571428571428571,1.0,0.1,False,12,0.42857142857142855,0.5833333333333334,0.7,False,6,0.21428571428571427,0.8333333333333334,0.5,False,5,0.17857142857142858,0.8,0.4,False,1,0.03571428571428571,1.0,0.1,False,"[""V00"",""V01"",""V02"",""V03"",""V04"",""V05"",""V06"",""V07""]",,,,,,,F_development_5084_cin_pairs.csv.gz,
F,development,5085,cin,957070640,3532473369,90899837,1323008814,3223678059,150,8,complete,0e8306dd9b40f6f383e06a16c2d3739065d2277b4dbb13054173a9c071661f2a,12,,,0.529230699990876,0.4529999999795109,,0.7542063492063491,0.35714285714285715,0.39706349206349195,28,28,0,10,3,True,3,3,0.6666666666666666,0.6666666666666666,0.3333333333333333,0.3333333333333333,0.0,0.009415457399789618,-0.005601670884899729,0.009415457399789618,-0.005601670884899729,0.0054982377827554755,-0.0035035769412336526,-0.00258495473288157,8,0.002868272953503528,0.013106216646714268,0.014394014741219242,0.015599195808989432,0.01590049107593198,0.0,0.0018621789274392263,0.015053017404035082,0.02030440644566783,0.0233738668648761,0.023790141836067716,0,8,0.0,0.0,0,0.004318993896766906,12,0.42857142857142855,0.5833333333333334,0.7,False,4,0.14285714285714285,0.75,0.3,False,3,0.10714285714285714,1.0,0.3,False,0,0.0,nan,0.0,True,10,0.35714285714285715,0.6,0.6,False,4,0.14285714285714285,0.75,0.3,False,3,0.10714285714285714,1.0,0.3,False,0,0.0,nan,0.0,True,"[""V00"",""V01"",""V02"",""V03"",""V04"",""V05"",""V06"",""V07""]",,,,,,,F_development_5085_cin_pairs.csv.gz,
F,development,5086,cin,3208835875,1650917660,1243956083,1672561227,686955019,150,8,complete,0e8306dd9b40f6f383e06a16c2d3739065d2277b4dbb13054173a9c071661f2a,109,,,0.5091051999479532,0.4220000000204891,,0.3850396825396825,0.35714285714285715,0.027896825396825364,28,28,0,10,3,True,3,3,0.6666666666666666,0.6666666666666666,0.0,0.0,0.0,0.011188654980586524,-0.011188654980586524,0.011188654980586524,-0.011188654980586524,0.006149761245523952,-0.004588907023957,0.007045455707901294,8,0.0028398463988013297,0.00635729208604503,0.008240021182488077,0.009746204459642523,0.010122750278931133,0.0,0.0025352624152170794,0.01189310667411715,0.01626467855001213,0.019797592429162944,0.020841592093821245,0,8,0.0,0.0025,0,0.0014356435643564356,10,0.35714285714285715,0.4,0.4,False,2,0.07142857142857142,0.5,0.1,False,1,0.03571428571428571,0.0,0.0,False,0,0.0,nan,0.0,True,8,0.2857142857142857,0.5,0.4,False,2,0.07142857142857142,0.5,0.1,False,1,0.03571428571428571,0.0,0.0,False,0,0.0,nan,0.0,True,"[""V00"",""V01"",""V02"",""V03"",""V04"",""V05"",""V06"",""V07""]",,,,,,,F_development_5086_cin_pairs.csv.gz,
F,development,5087,cin,3450621870,2248639283,2837691834,1911195489,2456958940,150,8,complete,0e8306dd9b40f6f383e06a16c2d3739065d2277b4dbb13054173a9c071661f2a,3,,,0.5510334999999031,0.46899999992456287,,0.6616758241758242,0.35714285714285715,0.304532967032967,28,28,0,10,3,True,4,4,1.0,1.0,0.6666666666666666,0.6666666666666666,0.6666666666666666,0.00769254047856612,-0.004089736389108209,0.00769254047856612,-0.004089736389108209,0.003985839881015865,-0.001361561659303207,-0.017127901805625227,8,0.0026145833985506354,0.014173343560342892,0.023395843453897548,0.027575773628444277,0.028620756172080965,0.0,0.002422847002106452,0.010645968778954316,0.015574251157514119,0.01942184107478215,0.02036207859693399,0,8,0.0,0.00125,0,0.002227722772277228,16,0.5714285714285714,0.5,0.8,False,5,0.17857142857142858,0.8,0.4,False,2,0.07142857142857142,1.0,0.2,False,2,0.07142857142857142,1.0,0.2,False,11,0.39285714285714285,0.45454545454545453,0.5,False,4,0.14285714285714285,0.75,0.3,False,2,0.07142857142857142,1.0,0.2,False,2,0.07142857142857142,1.0,0.2,False,"[""V00"",""V01"",""V02"",""V03"",""V04"",""V05"",""V06"",""V07""]",,,,,,,F_development_5087_cin_pairs.csv.gz,
F,development,5088,cin,3952476196,1325870543,1370412137,1462147382,2255216446,150,8,complete,0e8306dd9b40f6f383e06a16c2d3739065d2277b4dbb13054173a9c071661f2a,88,,,0.49622140009887516,0.43700000003445894,,0.6071554915672562,0.35714285714285715,0.2500126344243991,28,28,0,10,0,True,4,4,,nan,nan,nan,nan,0.009803812253169652,-0.0015764982834312626,0.009803812253169652,-0.0015764982834312626,0.005821350876098852,-0.0017607743618797966,0.0004157579007993866,8,0.0024391111562982017,0.013044058823497915,0.025788912727673738,0.03878009973652353,0.042027896488736,0.0,0.0014492845861404416,0.0239320863466045,0.03432927080096796,0.04094447449648428,0.04172681485312853,0,8,0.0,0.009583333333333333,0,0.0007425742574257426,13,0.4642857142857143,0.46153846153846156,0.6,False,3,0.10714285714285714,0.6666666666666666,0.2,False,2,0.07142857142857142,1.0,0.2,False,1,0.03571428571428571,1.0,0.1,False,12,0.42857142857142855,0.5,0.6,False,2,0.07142857142857142,1.0,0.2,False,2,0.07142857142857142,1.0,0.2,False,1,0.03571428571428571,1.0,0.1,False,"[""V00"",""V01"",""V02"",""V03"",""V04"",""V05"",""V06"",""V07""]",,,,,,,F_development_5088_cin_pairs.csv.gz,
F,development,5089,cin,3527300947,1813781727,2370003243,1246878001,3448763082,150,8,complete,0e8306dd9b40f6f383e06a16c2d3739065d2277b4dbb13054173a9c071661f2a,125,,,0.7940994999371469,0.7190000000409782,,0.5698958267980007,0.35714285714285715,0.2127529696551435,28,28,0,10,4,True,4,4,0.75,0.75,0.0,0.0,0.0,0.01068001382499294,-0.006281840666740537,0.01068001382499294,-0.006281840666740537,0.005056857741088995,-0.0027443618749020443,-0.0011793888433722847,8,0.0008419307254294846,0.0049655255296562496,0.014070314012954976,0.02604439595122106,0.029037916435787604,0.0,0.000616750610624363,0.0069197937316976925,0.009013443432763224,0.01144450070931034,0.012030908306008142,0,8,0.0,0.0,0,0.023826995477378404,14,0.5,0.42857142857142855,0.6,False,2,0.07142857142857142,0.5,0.1,False,1,0.03571428571428571,1.0,0.1,False,1,0.03571428571428571,1.0,0.1,False,12,0.42857142857142855,0.4166666666666667,0.5,False,2,0.07142857142857142,0.5,0.1,False,1,0.03571428571428571,1.0,0.1,False,1,0.03571428571428571,1.0,0.1,False,"[""V00"",""V01"",""V02"",""V03"",""V04"",""V05"",""V06"",""V07""]",,,,,,,F_development_5089_cin_pairs.csv.gz,
F,development,5090,cin,3033157813,1135818754,335409649,3004114102,3927863410,150,8,complete,0e8306dd9b40f6f383e06a16c2d3739065d2277b4dbb13054173a9c071661f2a,93,,,0.7378547000698745,0.6570000000065193,,0.6580162974280621,0.35714285714285715,0.30087344028520496,28,28,0,10,2,True,3,3,1.0,1.0,0.5,0.0,0.0,0.00814299881778654,-0.006063896628096253,0.00814299881778654,-0.006063896628096253,0.0038966820263282554,-0.002565314413006258,-0.0012862164323791112,8,0.001303613511375903,0.009343273450244653,0.01092603214815727,0.011236526913539834,0.011314150604885475,0.0,0.0012402099869917354,0.004239823457982158,0.005326120843628394,0.010447105000223516,0.012186807913777922,0,8,0.0,0.0,0,0.017511967345427978,14,0.5,0.35714285714285715,0.5,False,3,0.10714285714285714,1.0,0.3,False,2,0.07142857142857142,1.0,0.2,False,0,0.0,nan,0.0,True,12,0.42857142857142855,0.4166666666666667,0.5,False,3,0.10714285714285714,1.0,0.3,False,2,0.07142857142857142,1.0,0.2,False,0,0.0,nan,0.0,True,"[""V00"",""V01"",""V02"",""V03"",""V04"",""V05"",""V06"",""V07""]",,,,,,,F_development_5090_cin_pairs.csv.gz,
F,development,5091,cin,3807451772,1213528359,550381664,447827066,1474737288,150,8,complete,0e8306dd9b40f6f383e06a16c2d3739065d2277b4dbb13054173a9c071661f2a,196,,,2.2276969000231475,2.1410000000614673,,0.6178645428645427,0.35714285714285715,0.2607216857216856,28,28,0,10,1,True,3,3,1.0,1.0,0.0,0.0,0.0,0.011233533013473759,-0.007812840031722609,0.011233533013473759,-0.007812840031722609,0.006568762126480922,-0.004621553950125521,-0.0015800178208858636,8,0.0014086373504130726,0.010072483105026609,0.014328908436570238,0.018092523833303627,0.01903342768248697,0.0,0.00403091486507658,0.029495750079356172,0.03422873907194528,0.04938134231178899,0.05463420762019826,0,8,0.0,0.007916666666666666,0,0.0012376237623762376,12,0.42857142857142855,0.5,0.6,False,3,0.10714285714285714,0.6666666666666666,0.2,False,2,0.07142857142857142,1.0,0.2,False,0,0.0,nan,0.0,True,8,0.2857142857142857,0.625,0.5,False,3,0.10714285714285714,0.6666666666666666,0.2,False,2,0.07142857142857142,1.0,0.2,False,0,0.0,nan,0.0,True,"[""V00"",""V01"",""V02"",""V03"",""V04"",""V05"",""V06"",""V07""]",,,,,,,F_development_5091_cin_pairs.csv.gz,
F,development,5092,cin,1659238587,1595787953,1378310332,78716220,2758093351,150,8,complete,0e8306dd9b40f6f383e06a16c2d3739065d2277b4dbb13054173a9c071661f2a,22,,,1.0811970999930054,1.0160000000614673,,0.7573447204968944,0.35714285714285715,0.40020186335403723,28,28,0,10,4,True,4,4,0.75,0.75,0.5,0.5,0.25,0.006189527594945064,-0.0036646721275806335,0.006189527594945064,-0.0036646721275806335,0.003657290912818453,-0.0014980920700259984,-0.012808759960657022,8,0.002294075739527799,0.0102857130076788,0.018432609186022752,0.0199317313117323,0.020306511843159687,0.0,0.001754340247588833,0.006786549242171855,0.010030265467294679,0.012879724592547175,0.013336042011779889,0,8,0.0,0.0,0,0.0031453421837454735,17,0.6071428571428571,0.4117647058823529,0.7,False,3,0.10714285714285714,1.0,0.3,False,2,0.07142857142857142,1.0,0.2,False,1,0.03571428571428571,1.0,0.1,False,17,0.6071428571428571,0.4117647058823529,0.7,False,3,0.10714285714285714,1.0,0.3,False,2,0.07142857142857142,1.0,0.2,False,1,0.03571428571428571,1.0,0.1,False,"[""V00"",""V01"",""V02"",""V03"",""V04"",""V05"",""V06"",""V07""]",,,,,,,F_development_5092_cin_pairs.csv.gz,
F,development,5093,cin,2495060272,3910544579,1388598188,104784995,2314219448,150,8,complete,0e8306dd9b40f6f383e06a16c2d3739065d2277b4dbb13054173a9c071661f2a,37,,,0.49345319997519255,0.40700000000651926,,0.49531098803157625,0.35714285714285715,0.1381681308887191,28,28,0,10,1,True,3,3,0.0,0.0,0.0,0.0,0.0,0.008219175226948787,-0.007279037878616554,0.008219175226948787,-0.007279037878616554,0.005104047997165394,-0.004162262555254591,0.006944878096687823,8,0.0010947224475900941,0.004882600734357183,0.008023583943585166,0.010536370510967556,0.011164567152813155,0.0,0.002701510492610435,0.01198625195919639,0.018590411159566146,0.022764795349686253,0.023543214882141176,0,8,0.0,0.0004166666666666667,0,0.0009405940594059407,9,0.32142857142857145,0.4444444444444444,0.4,False,1,0.03571428571428571,1.0,0.1,False,1,0.03571428571428571,1.0,0.1,False,0,0.0,nan,0.0,True,6,0.21428571428571427,0.5,0.3,False,1,0.03571428571428571,1.0,0.1,False,1,0.03571428571428571,1.0,0.1,False,0,0.0,nan,0.0,True,"[""V00"",""V01"",""V02"",""V03"",""V04"",""V05"",""V06"",""V07""]",,,,,,,F_development_5093_cin_pairs.csv.gz,
F,development,5094,cin,3108548593,461877128,2157440451,1600327572,2574500675,150,8,complete,0e8306dd9b40f6f383e06a16c2d3739065d2277b4dbb13054173a9c071661f2a,4,,,0.5139163000276312,0.43799999996554106,,0.6651939185187267,0.35714285714285715,0.3080510613758695,28,28,0,10,3,True,4,4,1.0,1.0,0.6666666666666666,0.6666666666666666,0.3333333333333333,0.009152176271110212,-0.004980476832317831,0.009152176271110212,-0.004980476832317831,0.005306581068296497,-0.002602513628323481,-0.012168784752070068,8,0.006474472454933471,0.016101653414490432,0.01805403879087108,0.019615947091975602,0.02000642416725173,0.0,0.004220681710860923,0.02260398596263018,0.024500298760050207,0.02784959248769906,0.02905901073874815,0,8,0.0,0.002916666666666667,0,0.0019306930693069309,10,0.35714285714285715,0.5,0.5,False,5,0.17857142857142858,0.8,0.4,False,4,0.14285714285714285,1.0,0.4,False,1,0.03571428571428571,1.0,0.1,False,9,0.32142857142857145,0.4444444444444444,0.4,False,5,0.17857142857142858,0.8,0.4,False,4,0.14285714285714285,1.0,0.4,False,1,0.03571428571428571,1.0,0.1,False,"[""V00"",""V01"",""V02"",""V03"",""V04"",""V05"",""V06"",""V07""]",,,,,,,F_development_5094_cin_pairs.csv.gz,
F,development,5095,cin,4009099204,2577773998,2354195622,3410158654,4188561985,150,8,complete,0e8306dd9b40f6f383e06a16c2d3739065d2277b4dbb13054173a9c071661f2a,43,,,0.5498232999816537,0.48400000005494803,,0.6213049986076301,0.35714285714285715,0.26416214146477296,28,28,0,10,4,True,2,2,0.25,0.25,0.0,0.0,0.0,0.010129676688673112,-0.009873580736062164,0.010129676688673112,-0.009873580736062164,0.0059424313725083685,-0.005373693358528891,0.007069870382507576,8,0.0026099124991289697,0.005422379646537237,0.006380926507533447,0.007147763996330417,0.007339473368529661,0.0,0.0038377191637760603,0.012389285281617491,0.013517564835499808,0.018813715302393074,0.020696500750851877,0,8,0.0,0.00125,0,0.0015346534653465347,8,0.2857142857142857,0.5,0.4,False,1,0.03571428571428571,1.0,0.1,False,0,0.0,nan,0.0,True,0,0.0,nan,0.0,True,7,0.25,0.42857142857142855,0.3,False,1,0.03571428571428571,1.0,0.1,False,0,0.0,nan,0.0,True,0,0.0,nan,0.0,True,"[""V00"",""V01"",""V02"",""V03"",""V04"",""V05"",""V06"",""V07""]",,,,,,,F_development_5095_cin_pairs.csv.gz,
F,development,5096,cin,3347749547,2027271306,1607763374,767973105,3985175250,150,8,complete,0e8306dd9b40f6f383e06a16c2d3739065d2277b4dbb13054173a9c071661f2a,284,,,0.5355555999558419,0.4529999999795109,,0.5368191008923274,0.35714285714285715,0.17967624374947028,28,28,0,10,1,True,4,4,1.0,1.0,0.0,0.0,0.0,0.010009096054278268,-0.004176191718136056,0.010009096054278268,-0.004176191718136056,0.005550465952991815,-0.002152990434651436,-0.0006470533358475862,8,0.0016200886178271382,0.018883953405922246,0.02078885657689477,0.021905349019907316,0.02218447213066045,0.0,0.001197269776035484,0.02133359835475465,0.03345567979611528,0.04373830135347293,0.04595959113261889,0,8,0.0,0.009166666666666667,0,0.0008415841584158417,12,0.42857142857142855,0.4166666666666667,0.5,False,3,0.10714285714285714,0.6666666666666666,0.2,False,3,0.10714285714285714,0.6666666666666666,0.2,False,1,0.03571428571428571,1.0,0.1,False,8,0.2857142857142857,0.5,0.4,False,2,0.07142857142857142,0.5,0.1,False,2,0.07142857142857142,0.5,0.1,False,1,0.03571428571428571,1.0,0.1,False,"[""V00"",""V01"",""V02"",""V03"",""V04"",""V05"",""V06"",""V07""]",,,,,,,F_development_5096_cin_pairs.csv.gz,
F,development,5097,cin,146230407,3838393551,3041293165,8675450,785830415,150,8,complete,0e8306dd9b40f6f383e06a16c2d3739065d2277b4dbb13054173a9c071661f2a,36,,,0.5615006999578327,0.48499999998603016,,0.5494220977344547,0.35714285714285715,0.19227924059159757,28,28,0,10,4,True,3,3,0.5,0.5,0.5,0.5,0.0,0.007972064526808856,-0.007892358190538996,0.007972064526808856,-0.007892358190538996,0.006243536806387925,-0.004425476242830831,0.004460408940257784,8,0.005309529831012773,0.010612507653003984,0.011538822326770743,0.012279874065784149,0.0124651370005375,0.0,0.0019715831951892643,0.01610003472190802,0.020107156875024144,0.03328898714599926,0.03744412984080433,0,8,0.0,0.004583333333333333,0,0.0011386138613861388,11,0.39285714285714285,0.45454545454545453,0.5,False,6,0.21428571428571427,0.5,0.3,False,2,0.07142857142857142,1.0,0.2,False,0,0.0,nan,0.0,True,10,0.35714285714285715,0.5,0.5,False,6,0.21428571428571427,0.5,0.3,False,2,0.07142857142857142,1.0,0.2,False,0,0.0,nan,0.0,True,"[""V00"",""V01"",""V02"",""V03"",""V04"",""V05"",""V06"",""V07""]",,,,,,,F_development_5097_cin_pairs.csv.gz,
F,development,5098,cin,3073499654,3755254449,88568007,3329218258,926644955,150,8,complete,0e8306dd9b40f6f383e06a16c2d3739065d2277b4dbb13054173a9c071661f2a,22,,,0.6141773000126705,0.5160000000614673,,0.8242574816487859,0.35714285714285715,0.4671146245059287,28,28,0,10,2,True,3,3,1.0,1.0,0.5,0.5,0.0,0.005126586510256288,-0.004237730815527295,0.005126586510256288,-0.004237730815527295,0.002960610088947329,-0.0018732498629528281,-0.008129627721976292,8,0.00258177156727956,0.006867651954893578,0.00970256714043908,0.015287077562490307,0.016683205168003118,0.0,0.001259485078144779,0.006042565814491287,0.006850052717309629,0.007276224207744056,0.007303967254049819,0,8,0.0,0.0,0,0.02080116620632906,16,0.5714285714285714,0.5625,0.9,False,4,0.14285714285714285,1.0,0.4,False,1,0.03571428571428571,1.0,0.1,False,0,0.0,nan,0.0,True,15,0.5357142857142857,0.6,0.9,False,4,0.14285714285714285,1.0,0.4,False,1,0.03571428571428571,1.0,0.1,False,0,0.0,nan,0.0,True,"[""V00"",""V01"",""V02"",""V03"",""V04"",""V05"",""V06"",""V07""]",,,,,,,F_development_5098_cin_pairs.csv.gz,
F,development,5099,cin,250570066,1875858208,1474752982,1978895124,735780743,150,8,complete,0e8306dd9b40f6f383e06a16c2d3739065d2277b4dbb13054173a9c071661f2a,339,,,0.954148399992846,0.859000000054948,,0.8063095238095237,0.35714285714285715,0.44916666666666655,28,28,0,10,1,True,3,3,1.0,1.0,0.0,0.0,0.0,0.004429056814897306,-0.003312386686800857,0.004429056814897306,-0.003312386686800857,0.003266610789813621,-0.0022019317426258517,-0.005487913170136114,8,0.002154690606446153,0.009236694200518527,0.010845887281457594,0.012038104960449847,0.012336159380197912,0.0,0.0015872450310580517,0.006465137891633511,0.008144524863156182,0.015239412808730599,0.017742282795869275,0,8,0.0,0.0016666666666666668,0,0.0008415841584158417,14,0.5,0.5714285714285714,0.8,False,4,0.14285714285714285,1.0,0.4,False,2,0.07142857142857142,1.0,0.2,False,0,0.0,nan,0.0,True,13,0.4642857142857143,0.5384615384615384,0.7,False,4,0.14285714285714285,1.0,0.4,False,2,0.07142857142857142,1.0,0.2,False,0,0.0,nan,0.0,True,"[""V00"",""V01"",""V02"",""V03"",""V04"",""V05"",""V06"",""V07""]",,,,,,,F_development_5099_cin_pairs.csv.gz,
